SMILES,Sample,Rep_1,Rep_2,Mean_Growth,Activity,Activity_model_0,Activity_model_1,Activity_model_2,Activity_model_3,Activity_model_4,Activity_model_5,Activity_model_6,Activity_model_7,Activity_model_8,Activity_model_9,SMILES_nearest_neighbor,SMILES_nearest_neighbor_similarity
Cc1cc(ccc1OCCOCC[N+](C)(C)Cc1ccccc1)C(C)(C)CC(C)(C)C,BRD-K46531780-003-19-7,0.074926225,0.079747073,0.077336649,0.455561066,0.632128179,0.516786456,0.445377558,0.551775515,0.276768059,0.441910833,0.449837089,0.359489381,0.495458156,0.386079431,Cc1cc(C(C)(C)CC(C)(C)C)ccc1OCCOCC[N+](C)(C)Cc1ccccc1.[Cl-],0.978723404
CCCCCCCCCCCCC[N+](C)(C)Cc1ccccc1,BRD-K34234316-003-05-4,0.081915699,0.084843574,0.083379637,0.451941594,0.388519704,0.522279918,0.745921731,0.551316798,0.392586946,0.417939782,0.310126305,0.454194546,0.335032135,0.401498079,CCCCCCCCCCCCCCCC[N+](C)(C)Cc1ccccc1.[Cl-],0.962962963
CCCCCCCCc1ccc(CCC(N)(CO)CO)cc1,BRD-K88025533-001-07-9,0.077446565,0.093122006,0.085284285,0.374908464,0.310514987,0.397883058,0.120940104,0.548371017,0.281952292,0.426653117,0.264475286,0.615996599,0.288179398,0.49411878,CCCCCCc1ccc(O)cc1O,0.341463415
Nc1nc(c(F)cc1F)-n1cc(C(O)=O)c(=O)c2cc(F)c(N3CC(O)C3)c(Cl)c12,BRD-K90991629-100-02-9,0.084983518,0.087582307,0.086282912,0.889774555,0.97963357,0.929838002,0.876557708,0.911713839,0.947099268,0.75366044,0.861851096,0.967824817,0.758344352,0.911222458,Cl.NC1CCN(c2c(F)cc3c(=O)c(C(=O)O)cn(C4CC4)c3c2Cl)C1,0.486111111
C[C@H]1NCc2cc(ccc12)-c1ccc2c(c1OC(F)F)n(cc(C(O)=O)c2=O)C1CC1,BRD-K77038618-356-01-3,0.078571082,0.095010222,0.086790652,0.508508912,0.65909338,0.69177866,0.359306812,0.600679755,0.320429295,0.273179054,0.580120027,0.691071212,0.364706755,0.544724166,COc1c(N2CCNC(C)C2)c(F)cc2c(=O)c(C(=O)O)cn(C3CC3)c12,0.421686747
CNc1ncc(cc1C)-c1ccc2c(c1C)n(cc(C(O)=O)c2=O)C1CC1,BRD-K00003184-001-01-9,0.089398231,0.090470244,0.089934238,0.367735246,0.253805757,0.330737263,0.500837326,0.296928912,0.230156168,0.349077225,0.468783975,0.586307764,0.240936473,0.419781595,Cl.NC1CCN(c2c(F)cc3c(=O)c(C(=O)O)cn(C4CC4)c3c2Cl)C1,0.341772152
CC1(C)S[C@@H]2[C@H](NC(=O)[C@H](N)c3ccccc3)C(=O)N2[C@H]1C(=O)OCOC(=O)[C@@H]1N2[C@@H](CC2=O)S(=O)(=O)C1(C)C,BRD-K00004694-001-01-9,0.088455683,0.093974077,0.09121488,0.435809715,0.725524604,0.547785819,0.192261755,0.369895399,0.141417488,0.443444043,0.568016529,0.435542017,0.476659566,0.45754993,CCOC(=O)OC(C)OC(=O)C1N2C(=O)C(NC(=O)[C@H](N)c3ccccc3)C2SC1(C)C.Cl,0.602564103
C[C@@H](NCCCc1cccc(c1)C(F)(F)F)c1cccc2ccccc12,BRD-K73838513-003-01-4,0.077295185,0.106491808,0.091893496,0.357082994,0.526192844,0.273035467,0.681905866,0.320884049,0.211171165,0.312980354,0.310686111,0.472914785,0.21423623,0.246823072,C[C@@H](NCCCc1cccc(C(F)(F)F)c1)c1cccc2ccccc12.Cl,0.977272727
NC(=O)OC[C@@H]1[C@H](NC(=O)C(=N/OCC(O)=O)\c2csc(N)n2)C(=O)N1S(O)(=O)=O,BRD-K71026158-304-01-0,0.093039332,0.093449248,0.09324429,0.714739481,0.86522001,0.717575371,0.755456448,0.863805771,0.821311176,0.387965947,0.281596124,0.914615691,0.731369853,0.808478415,C[C@H]1[C@H](NC(=O)/C(=N/OC(C)(C)C(=O)O)c2csc(N)n2)C(=O)N1S(=O)(=O)O,0.575342466
CCn1cc(C(O)=O)c(=O)c2cc(F)c(cc12)N1CCN(C)CC1,BRD-K55034111-066-18-9,0.111245168,0.079274634,0.095259901,0.869660389,0.992379546,0.933059096,0.925170422,0.935549438,0.863445699,0.790382445,0.757101536,0.979078472,0.666900814,0.853536427,CCn1cc(C(=O)O)c(=O)c2cc(F)c(N3CCN(C)CC3)cc21.CS(=O)(=O)O,0.9
N[C@@H]1CC[C@@H](c2ccc(Cl)c(Cl)c2)c2ccccc12,BRD-K00003142-003-01-9,0.096267191,0.098265707,0.097266449,0.576449049,0.869955361,0.423929513,0.687457621,0.508868217,0.692407846,0.550875843,0.379596174,0.691893041,0.542253196,0.417253673,CN[C@H]1CC[C@@H](c2ccc(Cl)c(Cl)c2)c2ccccc21,0.625
"CCCC[C@H](CC)CNC(=N)N=C(N)NCCCCCCNC(N)=NC(=N)NC[C@H](CC)CCCC |&1:29,&2:4,&3:11,&4:24,w:11.10,24.24|",BRD-A42335949-300-09-8,0.095076533,0.101543377,0.098309955,0.573520583,0.80083102,0.261089444,0.920582294,0.488384873,0.74792856,0.604398787,0.276491731,0.804636598,0.394106805,0.436755717,CCCCC(CC)CN1CN(CC(CC)CCCC)CC(C)(N)C1,0.269230769
CO\N=C(/C(=O)N[C@H]1[C@H]2SCC(C[n+]3ccn4ncccc34)=C(N2C1=O)C(O)=O)c1nsc(N)n1 |c:23|,BRD-K46970505-003-02-9,0.088203895,0.110777201,0.099490548,0.581940371,0.297506303,0.672910988,0.336116701,0.643009245,0.822948754,0.497632742,0.569453359,0.589758277,0.677271366,0.712795973,CO/N=C(/C(=O)NC1C(=O)N2C(C(=O)O)=C(C[N+]3(C)CCCC3)CSC12)c1csc(N)n1.[Cl-],0.5
CCCCCCCCCCCCCCCC[n+]1ccn(Cc2ccccc2)c1C,BRD-K31086665-005-04-6,0.096410918,0.105905684,0.101158301,0.372026667,0.382305562,0.389697343,0.59333086,0.282240957,0.539018095,0.332067847,0.300622582,0.290147901,0.340738684,0.270096838,CCCCCCCCCCCCCCCC[n+]1ccccc1.[Cl-],0.375
Nc1nc(cs1)C(=N\OCC(O)=O)\C(=O)N[C@H]1[C@H]2SCC(C=C)=C(N2C1=O)C(O)=O |c:23|,BRD-K71059170-001-12-4,0.085724598,0.124288017,0.105006307,0.545324685,0.674784064,0.637490809,0.177729055,0.681192636,0.519355178,0.367294431,0.359213561,0.742091,0.597983897,0.696112216,C=CC1=C(C(=O)O)N2C(=O)[C@@H](NC(=O)/C(=N\O)c3csc(N)n3)[C@H]2SC1,0.794117647
CCO\N=C(\C(=O)N[C@H]1[C@H]2SCC(Sc3nc(cs3)-c3cc[n+](C)cc3)=C(N2C1=O)C(O)=O)c1nc(=NP(O)(O)=O)s[nH]1 |c:27|,BRD-K37252028-349-01-8,0.100946442,0.109273807,0.105110124,0.393471964,0.122548923,0.256436735,0.32992965,0.320133895,0.658019304,0.351570666,0.398593158,0.352174103,0.544862211,0.600450993,CO/N=C(/C(=O)N[C@@H]1C(=O)N2C(C(=O)O)=C(CSC(=O)c3ccco3)CS[C@H]12)c1csc(N)n1.Cl,0.378151261
"CN[C@H]1CCCN(C1)c1c(F)cc2c(c1OC)n(cc(C(O)=O)c2=O)C1CC1 |&1:2,r|",BRD-A47790386-001-05-9,0.096281216,0.114293857,0.105287536,0.885401559,0.990670204,0.937779665,0.958538115,0.936040342,0.885745645,0.787571311,0.743349195,0.972684264,0.721901596,0.919735253,COc1c(N2CCNC(C)C2)c(F)cc2c(=O)c(C(=O)O)cn(C3CC3)c12,0.712121212
CCCCCCCCCCCCCCCC[N+](C)(C)Cc1ccccc1,BRD-K23403298-003-01-9,0.114820465,0.095776156,0.105298311,0.505442861,0.528954387,0.555786669,0.736035228,0.563466072,0.419430912,0.48102653,0.401568562,0.51899451,0.415686011,0.433479726,CCCCCCCCCCCCCCCC[N+](C)(C)Cc1ccccc1.[Cl-],0.962962963
CO\N=C(/C(=O)N[C@H]1[C@H]2SCC(Cn3ccc(=N)n3CCO)=C(N2C1=O)C(O)=O)c1csc(N)n1 |c:22|,BRD-K72339976-065-04-7,0.128531503,0.089181423,0.108856463,0.70898056,0.789881945,0.575475633,0.80889374,0.71157825,0.960215509,0.538365841,0.341411352,0.786148787,0.777147233,0.800687313,CO/N=C(/C(=O)NC1C(=O)N2C(C(=O)O)=C(C[N+]3(C)CCCC3)CSC12)c1csc(N)n1.[Cl-],0.647727273
CC[Hg]Sc1ccccc1C(O)=O,BRD-K61443650-236-14-9,0.107180656,0.111003311,0.109091984,0.64082973,0.999212265,0.289781064,0.929747224,0.486951262,0.957114697,0.820976496,0.236548126,0.948212981,0.419445932,0.320307255,CC[Hg]Sc1ccccc1C(=O)[O-].[Na+],0.705882353
"[H][C@@]12C[C@@]3([H])[C@H](C(=O)c4c(O)ccc(Cl)c4[C@@]3(C)O)C(=O)[C@]1(O)C(=O)[C@H](C(N)=O)C(=O)[C@H]2N(C)C |&1:25,&2:5|",BRD-K00003353-003-01-9,0.096017323,0.122970116,0.10949372,0.695419356,0.6692397,0.739487529,0.364365906,0.814370453,0.500394285,0.756880343,0.698616445,0.793886244,0.845171511,0.771781147,CN(C)[C@@H]1C(O)=C(C(N)=O)C(=O)[C@@]2(O)C(O)=C3C(=O)c4c(O)ccc(Cl)c4[C@@](C)(O)[C@H]3C[C@@H]12.Cl,0.474358974
"[H][C@@]12C[C@@]3([H])[C@@H](C(=O)c4c(O)cccc4[C@@]3(C)O)C(=O)[C@]1(O)C(=O)[C@@H](C(N)=O)C(=O)[C@H]2N(C)C |&1:24,&2:5|",BRD-K00003352-003-01-9,0.119039522,0.100993152,0.110016337,0.402488008,0.268856883,0.396685272,0.256941468,0.526611328,0.181467891,0.506319821,0.446623236,0.408116519,0.547986448,0.485271215,CN(C)[C@@H]1C(O)=C(C(N)=O)C(=O)[C@@]2(O)C(O)=C3C(=O)c4c(O)cccc4[C@@](C)(O)[C@H]3C[C@@H]12.Cl,0.460526316
N[C@H]1CCN(C1)c1c(F)cc2c(c1Cl)n(cc(C(O)=O)c2=O)C1CC1 |&1:1|,BRD-K01825499-003-03-9,0.137981998,0.106134953,0.122058476,0.898453331,0.991715968,0.937537789,0.830789208,0.926327229,0.914392769,0.825604022,0.84399128,0.973507404,0.836860538,0.903807104,Cl.NC1CCN(c2c(F)cc3c(=O)c(C(=O)O)cn(C4CC4)c3c2Cl)C1,0.980769231
"CN(C)[C@H]1[C@@H]2[C@@H](O)[C@@H]3C(=C)c4c(Cl)ccc(O)c4C(=O)C3=C(O)[C@]2(O)C(O)=C(C(N)=O)C1=O |a:3,4,5,7,23,&1:20,&2:27,t:22,29|",BRD-A07600638-060-06-0,0.131389059,0.122257368,0.126823213,0.880056047,0.918946028,0.904516399,0.895263553,0.90969485,0.905766487,0.809229255,0.825014234,0.891133606,0.891155481,0.849840581,C=C1c2cccc(O)c2C(=O)C2=C(O)[C@]3(O)C(=O)C(C(N)=O)=C(O)[C@@H](N(C)C)[C@@H]3[C@@H](O)[C@H]12.Cl,0.583333333
NC[C@H]1O[C@H](O[C@@H]2[C@@H](N)C[C@@H](N)[C@H](O[C@H]3O[C@H](CO)[C@@H](O)[C@H](N)[C@H]3O)[C@H]2O)[C@H](N)[C@@H](O)[C@@H]1O,BRD-K73425385-001-05-9,0.146103866,0.113187859,0.129645863,0.391954222,0.495459378,0.070471369,0.780454934,0.220659509,0.363486856,0.351436466,0.165442392,0.517172337,0.428061306,0.526897669,NC[C@H]1O[C@H](O[C@@H]2[C@@H](N)C[C@@H](N)[C@H](O[C@H]3O[C@H](CO)[C@@H](O)[C@H](N)[C@H]3O)[C@H]2O)[C@H](N)[C@@H](O)[C@@H]1O.O=S(=O)(O)O,0.888888889
C[C@H]1COc2c(c(F)cc3c2n1cc(C(O)=O)c3=O)C1(N)CC1,BRD-K66412701-066-09-9,0.093100419,0.166573043,0.129836731,0.770861399,0.971863747,0.879911482,0.802093923,0.874854028,0.809492886,0.54448998,0.531582236,0.936439395,0.581069529,0.776816785,CS(=O)(=O)O.C[C@H]1COc2c(C3(N)CC3)c(F)cc3c(=O)c(C(=O)O)cn1c23,0.909090909
CN(C)CCCN1c2ccccc2Sc2ccc(Cl)cc12,BRD-K89997465-003-44-8,0.155877306,0.108571529,0.132224418,0.349799623,0.384279519,0.259108096,0.36325416,0.451124221,0.354986787,0.464371592,0.271553785,0.410036892,0.307454437,0.231826738,CN(C)CCCN1c2ccccc2Sc2ccc(Cl)cc21.Cl,0.974358974
CN1C[C@@H]2C[C@H]1CN2c1cc2n(cc(C(O)=O)c(=O)c2cc1F)C1CC1,BRD-K45916615-066-04-9,0.08988949,0.177074728,0.133482109,0.918659985,0.988228381,0.963134527,0.920235455,0.956826508,0.910103917,0.871348619,0.822107255,0.974825323,0.848976612,0.930813253,O=C(O)c1cn(C2CC2)c2cc(N3CCNCC3)c(F)cc2c1=O,0.610169492
"C[C@H]1Sc2c(C(O)=O)c(=O)c3cc(F)c(cc3n12)N1CCNCC1 |&1:1,r|",BRD-A61633223-001-02-8,0.123979666,0.166596079,0.145287873,0.884741378,0.990592897,0.933860064,0.909386933,0.916091323,0.913547814,0.823267937,0.775143623,0.95837003,0.775758803,0.851394355,Cc1oc(=O)oc1CN1CCN(c2cc3c(cc2F)c(=O)c(C(=O)O)c2n3C(C)S2)CC1,0.641791045
O1[n+]2ccccc2S[Zn]11O[n+]2ccccc2S1,BRD-K16136380-001-04-9,0.173526365,0.117615467,0.145570916,0.583100635,0.98965317,0.491312861,0.336080521,0.285868168,0.975072265,0.809359729,0.553150237,0.504735887,0.619623601,0.266149908,[O-][n+]1ccccc1S[Zn]Sc1cccc[n+]1[O-],0.216216216
"[H][C@]12C[C@@]3([H])[C@H](N(C)C)C(=O)[C@@H](C(N)=O)C(=O)[C@@]3(O)C(=O)[C@H]1C(=O)c1c(O)ccc(Cl)c1[C@H]2O |&1:11,&2:21|",BRD-K00003347-003-01-9,0.149777509,0.166843809,0.158310659,0.761306697,0.749633968,0.758698642,0.589677215,0.834111214,0.698454022,0.806824684,0.753409922,0.736962855,0.86855191,0.816742539,CN(C)[C@@H]1C(O)=C(C(N)=O)C(=O)[C@@]2(O)C(O)=C3C(=O)c4c(O)ccc(Cl)c4[C@@H](O)[C@H]3C[C@@H]12.Cl,0.474358974
CN[C@H]1CN(C[C@@H]1OC)c1ccc2c(n1)n(cc(C(O)=O)c2=O)-c1nccs1,BRD-K23677682-003-04-9,0.164044144,0.152820437,0.158432291,0.5446807,0.518590748,0.348493516,0.813352048,0.60260129,0.676166177,0.419074059,0.282512337,0.740480185,0.348876059,0.696660578,Cc1ccc(S(=O)(=O)O)cc1.NC1CCN(c2nc3c(cc2F)c(=O)c(C(=O)O)cn3-c2ccc(F)cc2F)C1.O,0.28
CN1CCN(CC1)c1cc2n(cc(C(O)=O)c(=O)c2cc1F)-c1ccc(F)cc1,BRD-K73923631-003-03-7,0.07397724,0.24329606,0.15863665,0.865001798,0.986056566,0.898359537,0.816339552,0.900851846,0.848641455,0.755628705,0.848056674,0.954097569,0.779440522,0.86254555,CN1CCN(c2cc3c(cc2F)c(=O)c(C(=O)O)cn3-c2ccc(F)cc2)CC1.Cl,0.979591837
N[C@H]1[C@@H]2CN(C[C@H]12)c1nc2n(cc(C(O)=O)c(=O)c2cc1F)-c1ccc(F)cc1F,BRD-K00494077-066-03-9,0.169238862,0.150255575,0.159747219,0.92496559,0.98772347,0.95451206,0.933980882,0.934192002,0.927109778,0.819149137,0.920294523,0.972651005,0.860267639,0.939775407,Cc1ccc(S(=O)(=O)O)cc1.NC1CCN(c2nc3c(cc2F)c(=O)c(C(=O)O)cn3-c2ccc(F)cc2F)C1.O,0.635135135
CCN(CC)Cc1cc(Nc2ccnc3cc(Cl)ccc23)ccc1O,BRD-K91290917-336-05-3,0.104079745,0.219498406,0.161789075,0.493794981,0.686871648,0.433608085,0.382945299,0.587199748,0.620845735,0.423509181,0.304440141,0.674082398,0.513751745,0.310695827,CCN(CC)Cc1ccc(Nc2ccnc3cc(Cl)ccc23)cc1O.Cl.Cl,0.843137255
"[H][C@@]1(C[C@@](C)(O)[C@@H](OC(=O)CC(C)C)[C@H](C)O1)O[C@@H]1[C@@H](C)O[C@@]([H])(O[C@H]2[C@@H](CC=O)C[C@@H](C)[C@@H](O)\C=C\C=C\C[C@@H](C)OC(=O)C[C@@]([H])(OC(C)=O)[C@@H]2OC)[C@H](O)[C@H]1N(C)C |t:36,38|",BRD-K00003705-001-01-9,0.243061609,0.092319845,0.167690727,0.746382195,0.769489288,0.702646017,0.892175615,0.800467789,0.893210888,0.681970119,0.396503091,0.791193247,0.700686276,0.835479617,CO[C@@H]1[C@@H](O[C@@H]2O[C@H](C)C(O[C@H]3C[C@@](C)(O)[C@@H](OC(=O)CC(C)C)[C@H](C)O3)[C@H](N(C)C)[C@H]2O)[C@@H](CC=O)C[C@@H](C)[C@@H](O)/C=C/C=C/C[C@@H](C)OC(=O)C[C@H]1O,0.878787879
OC(=O)c1cn(-c2ccc(F)cc2)c2cc(N3CCNCC3)c(F)cc2c1=O,BRD-K08525451-003-07-9,0.221137154,0.120399226,0.17076819,0.847930133,0.991201162,0.886774719,0.872544169,0.879657626,0.846185446,0.719180942,0.805828273,0.964048147,0.669492543,0.844388306,Cl.O=C(O)c1cn(-c2ccc(F)cc2)c2cc(N3CCNCC3)c(F)cc2c1=O,0.979591837
CCCCCCCCCCCC[N+](C)(C)CCOc1ccccc1,BRD-K30431096-004-02-9,0.173120372,0.170892662,0.172006517,0.57829276,0.522690773,0.667693913,0.73752737,0.734449685,0.459299237,0.538719475,0.440689236,0.577103317,0.473019868,0.631734729,CCCCCCCCCCCCCCCC[N+](C)(C)Cc1ccccc1.[Cl-],0.540540541
CC1(C)S[C@@H]2[C@H](NC(=O)[C@H](NC(=O)N3CCNC3=O)c3ccccc3)C(=O)N2[C@H]1C(O)=O,BRD-K60663764-236-07-9,0.199238741,0.151370475,0.175304608,0.389314999,0.731644273,0.464800924,0.314488769,0.241951004,0.42722851,0.278569341,0.170312375,0.655226111,0.333547145,0.275381535,CC1(C)S[C@@H]2[C@H](NC(=O)[C@H](NC(=O)N3CCNC3=O)c3ccccc3)C(=O)N2C1C(=O)[O-].[Na+],0.857142857
CCCCCCCCN=c1ccn(CCCCCCCCCCn2ccc(cc2)=NCCCCCCCC)cc1,BRD-K04568635-300-01-4,0.134499198,0.240254334,0.187376766,0.514298743,0.668080986,0.433248162,0.619761229,0.500936866,0.538159609,0.516491294,0.495070785,0.457732052,0.488575578,0.424930871,CCCCCCc1ccc(O)cc1O,0.255813953
COc1c(N2C[C@@H]3CCCN[C@@H]3C2)c(F)cc2c1n(cc(C(O)=O)c2=O)C1CC1,BRD-K66615216-003-14-8,0.169953075,0.233853391,0.201903233,0.83689388,0.984592021,0.907815099,0.916633666,0.881411016,0.8007586,0.6759184,0.696787298,0.956739426,0.668507457,0.879775822,COc1c(N2C[C@@H]3CCCN[C@@H]3C2)c(F)cc2c(=O)c(C(=O)O)cn(C3CC3)c12.Cl,0.983606557
CCN1CCN(C(=O)N[C@@H](C(=O)N[C@H]2[C@H]3SC(C)(C)[C@@H](N3C2=O)C(O)=O)c2ccccc2)C(=O)C1=O,BRD-K86873305-236-19-6,0.233151013,0.174893092,0.204022052,0.499197125,0.742150962,0.497571528,0.367678642,0.391412586,0.510048568,0.487818837,0.340380579,0.516113043,0.621856511,0.516939998,CCN1CCN(C(=O)NC(C(=O)N[C@@H]2C(=O)N3[C@@H](C(=O)[O-])C(C)(C)S[C@H]23)c2ccccc2)C(=O)C1=O.[Na+],0.863636364
[H][C@@]1(C[C@@](C)(OC)[C@@H](O)[C@H](C)O1)O[C@H]1[C@H](C)[C@@H](O[C@]2([H])O[C@H](C)C[C@@H]([C@H]2O)N(C)C)[C@](C)(O)C[C@@H](C)N(CCC)C[C@H](C)[C@@H](O)[C@](C)(O)[C@@H](CC)OC(=O)[C@@H]1C,BRD-K00003489-001-01-9,0.307938007,0.111745413,0.20984171,0.706294003,0.837512016,0.631305456,0.927343071,0.777419388,0.832663178,0.549590528,0.238494903,0.870675921,0.57624501,0.821690559,CC[C@H]1OC(=O)[C@H](C)[C@@H](O[C@H]2C[C@@](C)(OC)[C@@H](O)[C@H](C)O2)[C@H](C)[C@@H](O[C@@H]2O[C@H](C)C[C@H](N(C)C)[C@H]2O)[C@](C)(O)C[C@@H](C)CN(C)[C@H](C)[C@@H](O)[C@]1(C)O,0.77173913
CCn1cc(C(O)=O)c(=O)c2cc(F)c(N3CCN[C@@H](C)C3)c(F)c12 |&1:19|,BRD-K01825701-003-03-9,0.11415629,0.308171309,0.211163799,0.845427847,0.992348313,0.898456573,0.942723036,0.912504256,0.898354113,0.769417465,0.679490209,0.965927184,0.558376312,0.836681008,CCn1cc(C(=O)O)c(=O)c2cc(F)c(N3CCNC(C)C3)c(F)c21.Cl,0.980769231
CC(C)(C)CC(C)(C)c1ccc(OCCOCC[N+](C)(C)Cc2ccccc2)cc1,BRD-K72723676-003-18-9,0.238141441,0.204402615,0.221272028,0.444486618,0.582844317,0.497798055,0.453204274,0.558572412,0.268419504,0.406756312,0.428860426,0.37184602,0.52034533,0.35621953,CC(C)(C)CC(C)(C)c1ccc(OCCOCC[N+](C)(C)Cc2ccccc2)cc1.[Cl-],0.976744186
CO\N=C(/C(=O)N[C@H]1[C@H]2SCC(C)=C(N2C1=O)C(O)=O)c1csc(N)n1 |c:12|,BRD-K27798832-001-02-9,0.227914874,0.236088209,0.232001542,0.545142516,0.447682083,0.682817936,0.318230301,0.718210936,0.783472896,0.400091916,0.295018882,0.619667649,0.511150718,0.675081849,CO/N=C(/C(=O)NC1C(=O)N2C(C(=O)O)=C(C[N+]3(C)CCCC3)CSC12)c1csc(N)n1.[Cl-],0.716216216
CN(C)Cc1ccc2c(Cl)cc(Cl)c(O)c2n1,BRD-K00004615-001-01-9,0.236954702,0.265288704,0.251121703,0.375312704,0.253690392,0.441705525,0.464388967,0.404672593,0.558119476,0.544934213,0.269917965,0.290084898,0.365127027,0.160485983,Oc1c(Cl)cc(Cl)c2cccnc12,0.43902439
N[C@@H]1CCCCN(C1)c1c(F)cc2c(c1Cl)n(cc(C(O)=O)c2=O)C1CC1,BRD-K10196357-003-03-9,0.389150641,0.130145941,0.259648291,0.883902335,0.989189863,0.908226788,0.901772797,0.886659086,0.903463721,0.762055814,0.813081861,0.950568795,0.833182812,0.890821815,Cl.NC1CCN(c2c(F)cc3c(=O)c(C(=O)O)cn(C4CC4)c3c2Cl)C1,0.859649123
"[H][C@]12[C@H](O)[C@@]3([H])[C@H](N(C)C)C(=O)[C@H](C(N)=O)C(=O)[C@@]3(O)C(=O)[C@H]1C(=O)c1c(O)cccc1C2=C |&1:22,&2:12|",BRD-K00003351-003-01-9,0.23746499,0.283156166,0.260310578,0.545851418,0.378531337,0.596495688,0.367275089,0.704471111,0.31237632,0.649299383,0.611724973,0.541169286,0.663300991,0.633870006,C=C1c2cccc(O)c2C(=O)C2=C(O)[C@]3(O)C(=O)C(C(N)=O)=C(O)[C@@H](N(C)C)[C@@H]3[C@@H](O)[C@H]12.Cl,0.486842105
CO\N=C(\C(=O)N[C@H]1[C@H]2SCC(C[n+]3cccc4CCCc34)=C(N2C1=O)C(O)=O)c1csc(N)n1 |c:23|,BRD-K56542719-065-01-4,0.183935646,0.346064755,0.265000201,0.781907266,0.885370672,0.704454482,0.767090023,0.72432375,0.898738265,0.629543483,0.712639689,0.859028637,0.775618553,0.86226511,CO/N=C(/C(=O)NC1C(=O)N2C(C(=O)O)=C(C[N+]3(C)CCCC3)CSC12)c1csc(N)n1.[Cl-],0.651685393
[H][C@@]1(CC[C@@]2([H])[C@]3([H])[C@H](O)C[C@@]4([H])C[C@H](CC[C@]4(C)[C@@]3([H])CC[C@]12C)NCCCNCCCCNCCCN)[C@H](C)CC[C@@H](OS(O)(=O)=O)C(C)C,BRD-K00003124-389-01-9,0.328310844,0.235255868,0.281783356,0.374662799,0.290444762,0.175236896,0.578082323,0.422201306,0.378834277,0.321314991,0.208031043,0.558757782,0.377068162,0.436656445,CNC(C)[C@@H]1CC[C@@H](N)[C@@H](OC2[C@@H](N)C[C@@H](N)[C@H](OC3OC[C@](C)(O)[C@H](NC)[C@H]3O)[C@H]2O)O1.O=S(=O)(O)O,0.171428571
[H][C@]12SCC(CSc3nnnn3C)=C(N1C(=O)[C@H]2NC(=O)C(=N/OC)\c1csc(N)n1)C(O)=O |c:13|,BRD-K00003661-003-01-9,0.428393613,0.158976848,0.293685231,0.381102519,0.169986904,0.479832262,0.264865518,0.40418148,0.724032044,0.249732688,0.186967105,0.272259623,0.555507541,0.503660023,CO/N=C(/C(=O)N[C@@H]1C(=O)N2C(C(=O)[O-])=C(CSc3nc(=O)c([O-])nn3C)CS[C@H]12)c1csc(N)n1.O.O.O.[Na+].[Na+],0.681318681
"CC[C@@H](C)CCCCC(=O)N[C@@H](CCN)C(=O)N[C@@H]([C@@H](C)O)C(=O)N[C@@H](CCN)C(=O)N[C@H]1CCNC(=O)[C@@H](NC(=O)[C@@H](CCN)NC(=O)[C@@H](CCN)NC(=O)[C@@H](CC(C)C)NC(=O)[C@@H](Cc2ccccc2)NC(=O)[C@@H](CCN)NC1=O)[C@@H](C)O |&1:2,&2:11,&3:18,&4:19,&5:25,&6:32,&7:38,&8:42,&9:49,&10:56,&11:64,&12:75,&13:82|",BRD-A08641215-065-05-5,0.355101361,0.334634822,0.344868091,0.472519493,0.600284219,0.490123123,0.33278358,0.54929322,0.400491148,0.525506139,0.401189357,0.556953847,0.358746439,0.509823859,CCC(C)CCCCC(=O)NC(CCN)C(=O)NC(C(=O)NC(CCN)C(=O)NC1CCNC(=O)C(C(C)O)NC(=O)C(CCN)NC(=O)C(CCN)NC(=O)C(CC(C)C)NC(=O)C(Cc2ccccc2)NC(=O)C(CCN)NC1=O)C(C)O.O=S(=O)(O)O,0.956043956
"C[C@@H](O)[C@@H]1[C@H]2SC(S[C@H]3CC[S@@](=O)C3)=C(N2C1=O)C(O)=O |&1:11,c:14|",BRD-K00004713-001-01-9,0.082937553,0.619210472,0.351074012,0.480061426,0.842793047,0.692817867,0.021324333,0.742625177,0.458470702,0.47979933,0.243594974,0.371343702,0.414788097,0.533057034,C[C@@H](O)[C@H]1C(=O)N2C(C(=O)O)=C(SC3CN[C@H](C(=O)N(C)C)C3)[C@H](C)[C@H]12,0.342465753
[H][C@@]1(CC[C@@]2([H])[C@]3([H])[C@H](O)C[C@@]4([H])C[C@H](CC[C@]4(C)[C@@]3([H])CC[C@]12C)NCCCNCCCCN)[C@H](C)CC[C@@H](OS(O)(=O)=O)C(C)C,BRD-K00003215-043-01-9,0.330282894,0.373885149,0.352084021,0.348252073,0.29025951,0.155700922,0.547494829,0.383933663,0.350293934,0.280244023,0.175940335,0.518530011,0.371177286,0.408946216,CNC(C)[C@@H]1CC[C@@H](N)[C@@H](OC2[C@@H](N)C[C@@H](N)[C@H](OC3OC[C@](C)(O)[C@H](NC)[C@H]3O)[C@H]2O)O1.O=S(=O)(O)O,0.171428571
N[C@H]1CCN(C1)c1nc2n(cc(C(O)=O)c(=O)c2cc1F)-c1ccc(F)cc1F |&1:1|,BRD-K01825158-003-02-9,0.126714501,0.586035585,0.356375043,0.708748794,0.913103223,0.79203254,0.586052179,0.762289345,0.691681087,0.513523102,0.66670239,0.825737536,0.585681379,0.750685155,Cc1ccc(S(=O)(=O)O)cc1.NC1CCN(c2nc3c(cc2F)c(=O)c(C(=O)O)cn3-c2ccc(F)cc2F)C1.O,0.808823529
Oc1cccc2cccnc12,BRD-K66808046-065-03-7,0.39092524,0.332606093,0.361765666,0.455629702,0.646071136,0.569442093,0.453933537,0.48883146,0.576607108,0.381287605,0.27098158,0.537909508,0.402880788,0.228352204,O=S(=O)(O)O.Oc1cccc2cccnc12,0.807692308
CC[C@H]1OC(=O)[C@H](C)[C@@H](O[C@H]2C[C@@](C)(OC)[C@@H](O)[C@H](C)O2)[C@H](C)[C@@H](O[C@@H]2O[C@H](C)C[C@@H]([C@H]2OC(=O)CC)N(C)C)[C@](C)(O)C[C@@H](C)C(=O)[C@H](C)[C@@H](O)[C@]1(C)O,BRD-K39746403-084-05-6,0.44794274,0.283146873,0.365544806,0.713292238,0.783010602,0.712170959,0.916710198,0.794302166,0.780334473,0.633433402,0.257999152,0.842974067,0.578368306,0.833619058,CCOC(=O)CCC(=O)O[C@H]1[C@H](O[C@@H]2[C@@H](C)[C@H](O[C@H]3C[C@@](C)(OC)[C@@H](O)[C@H](C)O3)[C@@H](C)C(=O)O[C@H](CC)[C@@](C)(O)[C@H](O)[C@@H](C)C(=O)[C@H](C)C[C@@]2(C)O)O[C@H](C)C[C@@H]1N(C)C,0.876404494
NC(Nc1ccc(Cl)cc1)=NC(=N)NCCCCCCNC(=N)N=C(N)Nc1ccc(Cl)cc1,BRD-K52256627-300-05-8,0.624496108,0.114171662,0.369333885,0.550695139,0.930953801,0.131122828,0.825823903,0.385878295,0.665064216,0.54434067,0.280024529,0.791032195,0.52296114,0.429749817,N=C(N)/N=C(\N)Nc1ccc(Cl)cc1,0.621621622
[H][C@@]12CC(=O)N1[C@@H](C(O)=O)[C@](C)(Cn1cc[n+](C)n1)S2(=O)=O,BRD-K00003450-001-01-9,0.336812601,0.402351179,0.36958189,0.643719622,0.871908963,0.795272708,0.688770115,0.777316511,0.728987277,0.555827022,0.374773145,0.87419188,0.287576318,0.482572287,C[C@]1(Cn2ccnn2)C(C(=O)O)N2C(=O)CC2S1(=O)=O,0.685185185
Cc1ccc2c(Cl)cc(Cl)c(O)c2n1,BRD-K90374350-001-11-9,0.386165825,0.36792251,0.377044167,0.405305184,0.241148695,0.575307548,0.324031502,0.42885825,0.435989648,0.642387986,0.420699239,0.255822271,0.455984682,0.272822022,Oc1c(Cl)cc(Cl)c2cccnc12,0.514285714
COc1cccc2C(=O)c3c(O)c4C[C@](O)(C[C@H](O[C@H]5C[C@H](N)[C@@H](O)[C@H](C)O5)c4c(O)c3C(=O)c12)C(=O)CO,BRD-K04548931-003-08-2,0.457744585,0.358472074,0.40810833,0.395271613,0.682512105,0.25623557,0.299242169,0.425185531,0.372332335,0.240719482,0.334113896,0.555177093,0.304077476,0.483120471,COc1cccc2c1C(=O)c1c(O)c3c(c(O)c1C2=O)C[C@@](O)(C(=O)CO)C[C@@H]3O[C@H]1C[C@H](N)[C@@H](O)[C@H](C)O1.Cl,0.986111111
"C[C@@H]1[C@H]2[C@H](O)[C@H]3[C@H](N(C)C)C(O)=C(C(N)=O)C(=O)[C@@]3(O)C(O)=C2C(=O)c2c(O)cccc12 |a:1,2,3,5,6,18,&1:12,&2:22,c:22,t:11|",BRD-K01825679-003-04-9,0.214215693,0.668763037,0.441489365,0.495497364,0.356826007,0.551677823,0.627701163,0.568711698,0.426170111,0.501785576,0.516110003,0.437232494,0.509950042,0.45880872,C[C@H]1c2cccc(O)c2C(=O)C2=C(O)[C@]3(O)C(=O)C(C(N)=O)=C(O)[C@@H](N(C)C)[C@@H]3[C@@H](O)[C@@H]21.Cl,0.98245614
"CCC(=O)O[C@H]1[C@H](C)O[C@H](C[C@@]1(C)O)O[C@@H]1[C@@H](C)O[C@@H](O[C@H]2[C@@H](CC=O)C[C@@H](C)[C@@H](O)\C=C\C=C\C[C@@H](C)OC(=O)C[C@@H](OC(=O)CC)[C@@H]2OC)[C@H](O)[C@H]1N(C)C |t:32,34|",BRD-K68822425-001-01-6,0.499804962,0.399891747,0.449848355,0.714303824,0.713421941,0.667600691,0.805385113,0.782315671,0.849164903,0.673172712,0.385387987,0.757822931,0.685602725,0.823163569,CO[C@@H]1[C@@H](O[C@@H]2O[C@H](C)C(O[C@H]3C[C@@](C)(O)[C@@H](OC(=O)CC(C)C)[C@H](C)O3)[C@H](N(C)C)[C@H]2O)[C@@H](CC=O)C[C@@H](C)[C@@H](O)/C=C/C=C/C[C@@H](C)OC(=O)C[C@H]1O,0.818181818
CC(C)(C)NCc1ccc(Nc2ccnc3cc(Cl)ccc23)cc1O,BRD-K00003121-300-01-9,0.40532643,0.499930435,0.452628432,0.396608326,0.636448741,0.315313965,0.288683414,0.462832838,0.421893626,0.358935893,0.261580586,0.573047042,0.39275378,0.254593372,CCN(CC)Cc1ccc(Nc2ccnc3cc(Cl)ccc23)cc1O.Cl.Cl,0.678571429
[H][C@](C)(OC[C@]1(CC[C@]2(CCC(=O)N2)CN1)c1ccccc1)c1cc(cc(c1)C(F)(F)F)C(F)(F)F,BRD-K00003175-001-01-9,0.514372303,0.534500833,0.524436568,0.335912016,0.631978214,0.283274233,0.173892647,0.407343,0.394015014,0.265654773,0.245922238,0.313898444,0.383852482,0.259289116,CC(c1nc(=O)[nH][nH]1)N1CCOC(O[C@H](C)c2cc(C(F)(F)F)cc(C(F)(F)F)c2)C1c1ccc(F)cc1,0.260869565
CCCCCCCCCCCCCCCC(=O)O[C@@H]1[C@@H](O)[C@@H](O)[C@H](O[C@@H]1SC)[C@H](NC(=O)[C@@H]1C[C@@H](CCC)CN1C)[C@H](C)Cl,BRD-K10759270-003-01-1,0.595110274,0.502249051,0.548679663,0.392396694,0.349167973,0.23065488,0.700033545,0.431463748,0.239704326,0.460698366,0.246331483,0.246755868,0.500279129,0.518877625,CCC[C@@H]1C[C@@H](C(=O)N[C@@H]([C@@H](C)Cl)[C@H]2O[C@H](SC)[C@H](O)[C@@H](O)[C@H]2O)N(C)C1,0.735294118
"CC[C@@H](C)CCCC(=O)N[C@@H](CCN)C(=O)N[C@@H]([C@@H](C)O)C(=O)N[C@@H](CCN)C(=O)N[C@H]1CCNC(=O)[C@@H](NC(=O)[C@H](CCN)NC(=O)[C@H](CCN)NC(=O)[C@H](CC(C)C)NC(=O)[C@@H](CC(C)C)NC(=O)[C@H](CCN)NC1=O)[C@@H](C)O |a:10,17,18,24,31,37,41,48,55,63,71,78,&1:2|",BRD-K01666935-065-02-9,0.103786047,0.997164157,0.550475102,0.522195658,0.579761624,0.576701224,0.464121193,0.676834345,0.490884006,0.527391255,0.35900104,0.61235249,0.342288792,0.592620611,CCC(C)CCCCC(=O)NC(CCN)C(=O)NC(C(=O)NC(CCN)C(=O)NC1CCNC(=O)C(C(C)O)NC(=O)C(CCN)NC(=O)C(CCN)NC(=O)C(CC(C)C)NC(=O)C(Cc2ccccc2)NC(=O)C(CCN)NC1=O)C(C)O.O=S(=O)(O)O,0.815217391
[H][C@]12SCC(\C=C3/CCN([C@@H]4CCNC4)C3=O)=C(N1C(=O)[C@H]2NC(=O)C(=N/O)\c1nsc(N)n1)C(O)=O |c:18|,BRD-K00003117-001-01-9,0.574759288,0.584654498,0.579706893,0.421166512,0.166929588,0.591623068,0.131923661,0.516266346,0.449689835,0.36160323,0.445652604,0.370883465,0.566702724,0.610390604,C=CC1=C(C(=O)O)N2C(=O)[C@@H](NC(=O)/C(=N\O)c3csc(N)n3)[C@H]2SC1,0.477777778
FC(F)(F)c1cccc(c1)N1CCN(CCn2c3ccccc3[nH]c2=O)CC1,BRD-K33637378-001-01-7,0.57306282,0.596162235,0.584612528,0.4090849,0.438725173,0.410872489,0.229154721,0.627158165,0.373829961,0.437308073,0.407001793,0.331232458,0.399273485,0.436292678,O=c1[nH]c2ccccc2n1C1CCN(CCCC(c2ccc(F)cc2)c2ccc(F)cc2)CC1,0.333333333
COc1cccc2C(=O)c3c(O)c4C[C@](O)(C[C@H](O[C@H]5C[C@H](N)[C@H](O)[C@H](C)O5)c4c(O)c3C(=O)c12)C(C)=O,BRD-K43389675-003-20-9,0.511669155,0.692528163,0.602098659,0.349660577,0.515089512,0.255318671,0.284144402,0.395479739,0.321432561,0.233393893,0.328106135,0.433337331,0.281355411,0.448948115,COc1cccc2c1C(=O)c1c(O)c3c(c(O)c1C2=O)C[C@@](O)(C(C)=O)C[C@@H]3O[C@H]1C[C@H](N)[C@H](O)[C@H](C)O1.Cl,0.985507246
NC[C@@H]1O[C@H](O[C@@H]2[C@@H](CO)O[C@@H](O[C@@H]3[C@@H](O)[C@H](N)C[C@H](N)[C@H]3O[C@H]3O[C@H](CO)[C@@H](O)[C@H](O)[C@H]3N)[C@@H]2O)[C@H](N)[C@@H](O)[C@@H]1O,BRD-K36524108-065-07-3,0.596688887,0.653124688,0.624906788,0.398469393,0.384259313,0.110218793,0.702346087,0.340692937,0.233760789,0.431153566,0.269768417,0.373297513,0.537123978,0.602072537,NC[C@@H]1O[C@H](O[C@@H]2[C@@H](CO)OC(O[C@@H]3[C@@H](O)[C@H](N)C[C@H](N)[C@H]3O[C@H]3O[C@H](CO)[C@@H](O)[C@H](O)[C@H]3N)[C@@H]2O)[C@H](N)[C@@H](O)[C@@H]1O.O=S(=O)(O)O,0.893617021
"Clc1ccc(cc1)C1=CCN(CCCC[C@@]23CCCc4c2c(NC3=O)ccc4Cl)CC1 |&1:15,t:8|",BRD-A39794701-003-02-9,0.468307287,0.797158844,0.632733066,0.326023228,0.682888091,0.333563894,0.178315058,0.318255901,0.270122737,0.235015467,0.239741758,0.370946556,0.42420727,0.207175553,O=C1CCc2ccc(OCCCCN3CCN(c4cccc(Cl)c4Cl)CC3)cc2N1,0.26744186
Clc1ccccc1CNC[C@H]1CC[C@H](CNCc2ccccc2Cl)CC1 |r|,BRD-K77012840-300-02-9,0.702292975,0.604769133,0.653531054,0.604350352,0.824704647,0.337710381,0.81812048,0.548251092,0.75938648,0.609823585,0.433766633,0.668607414,0.616793931,0.426338881,N[C@@H](CCc1ccccc1Cl)c1ccc2c(c1)OCCO2,0.274509804
CC(=NNC(=S)NNC(=S)Nc1ccccc1Cl)c1ccccn1,BRD-K57027742-001-01-1,0.666365463,0.643105135,0.654735299,0.493348385,0.855403244,0.287048578,0.396279216,0.457248122,0.187055334,0.700079799,0.48825109,0.69854027,0.435587376,0.427990824,CC(=O)Oc1ccc(Cl)c2cccnc12,0.229508197
OCCN1CCN(CC\C=C2\c3ccccc3Sc3ccc(cc23)C(F)(F)F)CC1,BRD-K70487031-001-02-8,0.553139616,0.788250301,0.670694959,0.608076763,0.914780855,0.681180477,0.402541369,0.697289228,0.66102773,0.451756179,0.508776367,0.668739557,0.605727196,0.488948673,Cl.Cl.OCCN1CCN(CCCN2c3ccccc3Sc3ccc(C(F)(F)F)cc32)CC1,0.55
CN1CCN(CCCN2c3ccccc3Sc3ccc(cc23)C(F)(F)F)CC1,BRD-K89732114-300-20-9,0.832820855,0.516499641,0.674660248,0.762020981,0.96428597,0.757128358,0.578161538,0.817245007,0.800759435,0.656927228,0.661178589,0.900064349,0.774959624,0.709499717,CN1CCN(CCCN2c3ccccc3Sc3ccc(C(F)(F)F)cc32)CC1.Cl.Cl,0.977777778
"CO[C@H]1\C=C\O[C@@]2(C)Oc3c(C2=O)c2c(O)c(\C=N\N=C\N4CCCCC4)c(NC(=O)\C(C)=C/C=C/[C@H](C)[C@H](O)[C@@H](C)[C@@H](O)[C@@H](C)[C@H](OC(C)=O)[C@@H]1C)c(O)c2c(O)c3C |c:34,t:3,36|",BRD-K00004537-001-01-9,0.707497526,0.675213161,0.691355343,0.42721727,0.668170094,0.238843396,0.60682565,0.337093771,0.544558585,0.388514876,0.310919851,0.573994398,0.236507535,0.366744548,CO[C@H]1/C=C/O[C@@]2(C)Oc3c(C)c(O)c4c(O)c(c(C=NN5CCN(C)CC5)c(O)c4c3C2=O)NC(=O)/C(C)=C\C=C\C(C)[C@H](O)[C@@H](C)[C@@H](O)[C@@H](C)[C@@H](OC(C)=O)[C@@H]1C,0.794117647
"CCCCC[C@@H](O)c1cccc(OCc2ccc3ccccc3n2)c1 |&1:5,r|",BRD-A68281735-001-19-9,0.558079638,0.856379129,0.707229383,0.35624254,0.386800587,0.340149045,0.551708221,0.370469987,0.319387972,0.337502748,0.289437622,0.405401319,0.308151752,0.253416151,CN(C)[C@@H](CCOc1cccc2ccccc12)c1ccccc1.Cl,0.246153846
"CCC(=O)O[C@H]1[C@H](C)O[C@H](C[C@@]1(C)OC(C)=O)O[C@@H]1[C@@H](C)O[C@@H](O[C@H]2[C@@H](CC=O)C[C@@H](C)[C@@H](OC(C)=O)\C=C\C=C\C[C@@H](C)OC(=O)C[C@@H](OC(=O)CC)[C@@H]2OC)[C@H](O)[C@H]1N(C)C |t:38,40|",BRD-K30764557-001-01-5,0.757003982,0.663084533,0.710044258,0.652319181,0.4661901,0.659458816,0.726623595,0.757302225,0.716749966,0.661272168,0.409961104,0.640328884,0.68036288,0.804942071,CO[C@@H]1[C@@H](O[C@@H]2O[C@H](C)C(O[C@H]3C[C@@](C)(O)[C@@H](OC(=O)CC(C)C)[C@H](C)O3)[C@H](N(C)C)[C@H]2O)[C@@H](CC=O)C[C@@H](C)[C@@H](O)/C=C/C=C/C[C@@H](C)OC(=O)C[C@H]1O,0.637168142
CNC[C@@H]1CC[C@@H](N)[C@@H](O[C@@H]2[C@@H](N)C[C@@H](N)[C@H](O[C@H]3OC[C@](C)(O)[C@H](NC)[C@H]3O)[C@H]2O)O1,BRD-K18552138-065-01-3,0.886350521,0.535046014,0.710698267,0.40633591,0.447179198,0.131708711,0.691090286,0.310268164,0.46813947,0.369522005,0.139110371,0.642012358,0.313814253,0.550514281,CNC(C)[C@@H]1CC[C@@H](N)[C@@H](OC2[C@@H](N)C[C@@H](N)[C@H](OC3OC[C@](C)(O)[C@H](NC)[C@H]3O)[C@H]2O)O1.O=S(=O)(O)O,0.646153846
CO[C@H]1C[C@H](O[C@H]2[C@H](C)[C@@H](O[C@@H]3O[C@H](C)C[C@@H]([C@H]3OC(C)=O)N(C)C)[C@@H](C)C[C@@]3(CO3)C(=O)[C@H](C)[C@@H](OC(C)=O)[C@@H](C)[C@@H](C)OC(=O)[C@@H]2C)O[C@@H](C)[C@@H]1OC(C)=O,BRD-K38310698-001-05-0,0.706419502,0.752821291,0.729620397,0.421304798,0.368883342,0.442053705,0.533186078,0.547119558,0.241877258,0.430603802,0.149844259,0.418138683,0.433417529,0.647923768,CCOC(=O)CCC(=O)O[C@H]1[C@H](O[C@@H]2[C@@H](C)[C@H](O[C@H]3C[C@@](C)(OC)[C@@H](O)[C@H](C)O3)[C@@H](C)C(=O)O[C@H](CC)[C@@](C)(O)[C@H](O)[C@@H](C)C(=O)[C@H](C)C[C@@]2(C)O)O[C@H](C)C[C@@H]1N(C)C,0.383928571
C\C(=N/NC(=S)NNC(=S)Nc1ccccc1Cl)c1ccccn1,BRD-K00004593-001-01-9,0.738030184,0.740869879,0.739450031,0.501162004,0.85128063,0.287942111,0.371375859,0.452921987,0.19510892,0.7084319,0.529336154,0.745356858,0.437637389,0.432228237,CC(=O)Oc1ccc(Cl)c2cccnc12,0.229508197
COc1ccc(CCN2CCC(CC2)Nc2nc3ccccc3n2Cc2ccc(F)cc2)cc1,BRD-K37249724-001-24-0,0.655485486,0.824731963,0.740108724,0.36419131,0.445658743,0.310241401,0.546682775,0.386465251,0.417522579,0.250863433,0.229224399,0.4434928,0.328564316,0.283197403,Cl.Clc1ccc(Cn2c(CN3CCCC3)nc3ccccc32)cc1,0.342857143
CCc1ccccc1OC[C@@H](O)CN[C@H]1CCCc2ccccc12,BRD-K35430135-003-06-9,0.746473774,0.788685332,0.767579553,0.414905825,0.542095184,0.329645663,0.6201877,0.412994534,0.359528124,0.341429263,0.245267734,0.731382549,0.215880081,0.35064742,C=CCc1ccccc1OCC(O)CNC(C)C.Cl,0.409836066
O[C@@H](CN1CCN(CC1)c1cccc(Cl)c1)C(c1ccccc1)c1ccccc1 |&1:1|,BRD-K01826777-003-08-9,0.764172751,0.778251685,0.771212218,0.340889667,0.24215202,0.291754901,0.406271756,0.410776764,0.241980299,0.470487952,0.420624644,0.131421015,0.477087349,0.31633997,CN1CCN(CCCN2c3ccccc3Sc3ccc(Cl)cc32)CC1.O=S(=O)(O)CCS(=O)(=O)O,0.271428571
Oc1ccc(Cl)c2CCCc12,BRD-K01653460-001-02-9,0.838144879,0.705960556,0.772052717,0.532208955,0.841745913,0.575074852,0.712061226,0.638485312,0.564628303,0.454627573,0.154996842,0.616300583,0.44633013,0.317838818,Oc1ccc(Cl)c2cccnc12,0.314285714
COc1cc2c(Nc3ccc(Cl)c(Cl)c3F)ncnc2cc1OC[C@H]1C[C@H]2CN(C)C[C@H]2C1,BRD-K03765900-001-01-9,0.451588145,1.114651523,0.783119834,0.40141629,0.553129137,0.402332753,0.150395453,0.348678976,0.474094123,0.268902242,0.323367923,0.535158038,0.485265166,0.472839087,COc1cc2c(cc1OC)C(=O)C(CC1CCN(Cc3ccccc3)CC1)C2.Cl,0.197802198
Clc1ccc2[nH]c(=O)c(-c3nc4ccccc4[nH]3)c(N[C@@H]3CN4CCC3CC4)c2c1,BRD-K02241333-001-02-7,0.836930118,0.74528674,0.791108429,0.338123854,0.394386977,0.288179398,0.38375023,0.394437045,0.23922275,0.356008738,0.287186444,0.344234049,0.330003917,0.363828987,O=C(NC(Cc1cc(=O)[nH]c2ccccc12)C(=O)O)c1ccc(Cl)cc1,0.240963855
"CN1CCC[C@@H](CN2c3ccccc3Sc3ccccc23)C1 |&1:5,r|",BRD-K01825575-001-03-9,0.680641149,0.902956657,0.791798903,0.422742684,0.690841317,0.430893868,0.374452233,0.499884039,0.402088881,0.368771315,0.226833507,0.619173467,0.344718695,0.26976952,CN1CCC[C@@H](CC2c3ccccc3Sc3ccccc32)C1,0.590909091
Clc1ccc(N\N=C(/c2ccccc2)c2ccccn2)nc1,BRD-K76180386-001-04-9,0.80782449,0.832223158,0.820023824,0.359115614,0.641027153,0.371082783,0.223306701,0.452624023,0.144807458,0.426928103,0.282758713,0.521233141,0.308229685,0.219158381,O=C(Oc1cccc2cccnc12)c1ccccc1,0.228070175
COc1ccccc1C1(O)CCN(CCCn2c3ccccc3c3ccccc23)CC1,BRD-K85015012-003-05-9,0.821944503,0.824793907,0.823369205,0.350961715,0.375418186,0.301168531,0.493071795,0.332278818,0.342987806,0.307941169,0.289255351,0.449122041,0.325362623,0.293010831,O=C(CCCN1CCC(O)(c2ccc(Cl)cc2)CC1)c1ccc(F)cc1,0.303030303
CN1CCN(C=N1)c1ccc(cc1F)N1C[C@H](CO)OC1=O |c:5|,BRD-K00003363-001-01-9,0.843001316,0.803799926,0.823400621,0.541741217,0.896851301,0.366678268,0.546005428,0.748779595,0.606266618,0.336449772,0.081717052,0.86235851,0.380255729,0.592049897,CC(=O)NC[C@H]1CN(c2ccc(N3CCOCC3)c(F)c2)C(=O)O1,0.492537313
Oc1c(Br)cc(Br)cc1C(=O)Nc1ccc(Br)cc1,BRD-K09118247-001-04-9,0.963610593,0.694089681,0.828850137,0.383643211,0.715263486,0.198082119,0.245582581,0.491542548,0.597936988,0.172216207,0.114877865,0.690882802,0.342107624,0.267939895,O=C(Nc1ccccc1)c1ccccc1O,0.384615385
"CC[C@H]1OC(=O)C[C@@H](O)[C@H](C)[C@@H](O[C@@H]2O[C@H](C)[C@@H](O[C@H]3C[C@@](C)(O)[C@@H](O)[C@H](C)O3)[C@@H]([C@H]2O)N(C)C)[C@@H](CC=O)C[C@@H](C)C(=O)\C=C\C(\C)=C\[C@@H]1CO[C@@H]1O[C@H](C)[C@@H](O)[C@@H](OC)[C@H]1OC |t:46,49|",BRD-K37753391-001-05-9,0.80110872,0.858177199,0.82964296,0.739695111,0.708344936,0.668962538,0.91517365,0.783074796,0.946581602,0.680494308,0.389206856,0.80407846,0.681441188,0.819592774,CC[C@@H]1OC(=O)C[C@@H](O)[C@H](C)[C@@H](O[C@@H]2O[C@H](C)[C@@H](O)[C@H](N(C)C)[C@H]2O)[C@@H](CCN2C[C@@H](C)C[C@@H](C)C2)C[C@@H](C)C(=O)/C=C/C(C)=C\[C@@H]1CO[C@@H]1O[C@H](C)[C@@H](O)[C@@H](OC)[C@H]1OC,0.663636364
Clc1ccc(Cn2c(CN3CCCC3)nc3ccccc23)cc1,BRD-K04704168-003-16-9,0.884239265,0.77657598,0.830407622,0.339164484,0.389161527,0.348771065,0.620967209,0.430826038,0.390269876,0.458776742,0.243253112,0.105711006,0.254780263,0.149128005,Cl.Clc1ccc(Cn2c(CN3CCCC3)nc3ccccc32)cc1,0.973684211
O\N=C\c1ccc(c(Cl)c1O)-c1ccc(O)c(F)c1,BRD-K61642990-001-03-9,0.897929352,0.764626172,0.831277762,0.326750885,0.193105519,0.334169626,0.181074172,0.42342481,0.60465759,0.386944264,0.319143623,0.229526028,0.389672726,0.20579049,Oc1ccc(Cl)cc1Cc1cc(Cl)ccc1O,0.217391304
[H][C@@]1(CC(C)C)N(C)C(=O)[C@@H](C)NC(=O)[C@H](C)NC(=O)[C@H](CC(C)C)N(C)C(=O)[C@@]([H])(NC(=O)[C@H](CC(C)C)N(C)C(=O)CN(C)C(=O)[C@H](CC)NC(=O)[C@]([H])([C@H](O)[C@H](C)C\C=C\C=C)N(C)C(=O)[C@]([H])(C(C)C)N(C)C(=O)[C@H](CC(C)C)N(C)C1=O)C(C)C,BRD-K00003472-001-01-9,0.806309615,0.867649575,0.836979595,0.345799567,0.068692297,0.312961578,0.43533203,0.416019619,0.420477808,0.416077316,0.345800936,0.328037262,0.239476308,0.475120515,CC=CC[C@H](C)[C@H](O)[C@@H]1C(=O)N[C@H](CC)C(=O)N(C)CC(=O)N(C)[C@H](CC(C)C)C(=O)N[C@@H](C(C)C)C(=O)N(C)[C@H](CC(C)C)C(=O)N[C@H](C)C(=O)N[C@H](C)C(=O)N(C)[C@H](CC(C)C)C(=O)N(C)[C@H](CC(C)C)C(=O)N(C)[C@H](C(C)C)C(=O)N1C,0.864197531
COc1ccc2nc3CCCCc3c(N)c2c1,BRD-K53156626-001-01-3,0.757673254,0.935399454,0.846536354,0.512983507,0.849662304,0.562182069,0.858486414,0.527481437,0.575353563,0.393974274,0.145079643,0.662504137,0.240828514,0.314282715,Nc1c2c(nc3ccccc13)CCCC2,0.575
OCCN1CCN(CCCN2c3ccccc3Sc3ccc(cc23)C(F)(F)F)CC1,BRD-K55127134-300-11-2,0.841316121,0.860733708,0.851024915,0.646199003,0.909342945,0.634404063,0.474947274,0.715523243,0.709362507,0.499319822,0.478118658,0.809077978,0.628096044,0.603797495,Cl.Cl.OCCN1CCN(CCCN2c3ccccc3Sc3ccc(C(F)(F)F)cc32)CC1,0.97826087
CNCCCCOc1ccccc1Cc1ccccc1,BRD-K18779551-003-09-9,0.864605592,0.849378958,0.856992275,0.529310718,0.813009799,0.476066828,0.579540431,0.566752255,0.486463338,0.408469051,0.323858619,0.812523842,0.32479158,0.501631439,NCCOc1ccccc1Cc1ccccc1,0.611111111
[O-][N+](=O)c1cc(cc2c1sc(nc2=O)N1CCN(CC2CCCCC2)CC1)C(F)(F)F,BRD-K16343284-001-02-9,1.057541502,0.656735616,0.857138559,0.353117483,0.197623372,0.293581545,0.121331647,0.293249518,0.332857281,0.370721966,0.564238966,0.097565539,0.748749673,0.511255324,CCN1CCN(c2cc3c(cc2F)c(=O)c(C(=O)O)cn3C2CC2)CC1,0.206896552
CN1CCN(CCCN2c3ccccc3Sc3ccc(Cl)cc23)CC1,BRD-K19352500-070-12-4,0.898480939,0.816181264,0.857331102,0.619779453,0.77267015,0.530309916,0.732064724,0.686319888,0.79678309,0.5891698,0.415707082,0.597756207,0.603988588,0.473025084,CN1CCN(CCCN2c3ccccc3Sc3ccc(Cl)cc32)CC1.O=S(=O)(O)CCS(=O)(=O)O,0.82
CCCCCNC(=N)N\N=C\c1c[nH]c2ccc(OC)cc12,BRD-K88743730-050-03-3,0.914867892,0.806545592,0.860706742,0.468686596,0.835824728,0.461107969,0.778300881,0.391900629,0.524084091,0.449125409,0.204391837,0.668193698,0.180865109,0.193071604,CCCCCNC(=N)N/N=C/c1c[nH]c2ccc(OC)cc12.O=C(O)/C=C\C(=O)O,0.892857143
CN[C@@H]1C[C@H](c2ccccc12)c1ccc(Cl)c(Cl)c1,BRD-K01649396-003-09-9,0.862713686,0.869948096,0.866330891,0.494474834,0.725650907,0.327571422,0.626660585,0.386270314,0.646553755,0.475103408,0.319984704,0.6959728,0.426236272,0.314744174,CN[C@H]1CC[C@@H](c2ccc(Cl)c(Cl)c2)c2ccccc21,0.763157895
NCCCCN(Cc1nc2ccccc2[nH]1)[C@H]1CCCc2cccnc12,BRD-K42948882-305-02-9,0.92797596,0.8055007,0.86673833,0.535681376,0.876610935,0.403725713,0.759700716,0.531054676,0.513436735,0.522165596,0.277098298,0.681634068,0.413378984,0.378008038,CC(C)Cc1nc2ccccc2[nH]1,0.306451613
CCN(CC)CCCCN1c2ccccc2Oc2ccc(Cl)cc12,BRD-K70792160-003-07-9,0.830054441,0.904467773,0.867261107,0.362022588,0.487518162,0.4255068,0.208403215,0.480772346,0.199488118,0.407018691,0.337342769,0.4122774,0.351194888,0.310703486,CN(C)CCCN1c2ccccc2Sc2ccc(Cl)cc21.Cl,0.428571429
"CN(C)C[C@@H](O)Cn1c2ccc(Br)cc2c2cc(Br)ccc12 |&1:4,r|",BRD-A18579359-001-05-9,0.889175881,0.869007268,0.879091574,0.343553862,0.223396868,0.285362333,0.434584886,0.358666658,0.455356866,0.379664361,0.283949524,0.399655402,0.352241039,0.262660682,Cc1c(-c2ccccc2)n(C[C@@H](O)CN)c2ccccc12,0.301886792
COc1cc(ccc1Nc1ncc(Cl)c(Nc2ccccc2S(=O)(=O)C(C)C)n1)N1CCC(CC1)N1CCN(C)CC1,BRD-K50140147-001-10-1,0.843439678,0.93062127,0.887030474,0.413164495,0.403942585,0.161138818,0.42345354,0.319294512,0.376049608,0.475812018,0.380124748,0.472491264,0.562676549,0.556661308,CS(=O)(=O)O.CSc1ccc2c(c1)C(N1CCN(C)CC1)Cc1ccccc1S2,0.21875
CO\N=C(/C(=O)N[C@H]1[C@H]2SCC(COC(N)=O)=C(N2C1=O)C(O)=O)c1ccco1 |c:16|,BRD-K02733959-236-07-7,0.938171045,0.83925499,0.888713018,0.428528003,0.439046651,0.305713743,0.202223882,0.418343037,0.619953275,0.307674557,0.362202704,0.382251203,0.658896446,0.588974535,CO/N=C(/C(=O)NC1C(=O)N2C(C(=O)[O-])=C(COC(N)=O)CSC12)c1ccco1.[Na+],0.857142857
[O-][N+](=O)C1(CN(C1)C(=O)CBr)[N+]([O-])=O,BRD-K06894065-001-02-3,0.748868102,1.037384261,0.893126182,0.485203919,0.521004975,0.211252227,0.128846645,0.884206533,0.613971889,0.708678067,0.099578306,0.884399474,0.248617321,0.55148375,O=[N+]([O-])C(Br)(CO)CO,0.235294118
COc1cccc2C(=O)c3c(O)c4C[C@](O)(C[C@H](O[C@H]5C[C@H](N)[C@H](O)[C@H](C)O5)c4c(O)c3C(=O)c12)C(=O)CO,BRD-K92093830-003-35-7,0.946235889,0.849883189,0.898059539,0.385229838,0.656223953,0.260663688,0.281379819,0.42644456,0.34707126,0.238235384,0.332038552,0.530708075,0.299667239,0.479865849,COc1cccc2c1C(=O)c1c(O)c3c(c(O)c1C2=O)C[C@@](O)(C(=O)CO)C[C@@H]3O[C@H]1C[C@H](N)[C@@H](O)[C@H](C)O1.Cl,0.986111111
CCCCC\N=c1/ccn(Cc2ccccc2)c2ccccc12,BRD-K00004233-003-01-9,0.904254684,0.896644239,0.900449461,0.422032082,0.601149976,0.46882835,0.469902217,0.417512149,0.309313267,0.436775625,0.354639053,0.487686008,0.370391041,0.304123133,CCCCCCCCCCCCCCCC[N+](C)(C)Cc1ccccc1.[Cl-],0.3
COc1cc2ncnc(Nc3cccc(Cl)c3F)c2cc1OC(=O)N1CCN(C)C[C@H]1C,BRD-K41626799-001-01-1,0.827579596,0.977440052,0.902509824,0.362315436,0.386372387,0.307587296,0.22598055,0.362820745,0.409161508,0.234709963,0.228383601,0.561474085,0.380670458,0.525993764,COc1ccccc1NC(=O)N(C)C[C@@H]1Oc2cc(Br)ccc2S(=O)(=O)N([C@@H](C)CO)C[C@H]1C,0.23364486
"CC1(C)N=C(N)N=C(N)N1OCCCOc1cc(Cl)c(Cl)cc1Cl |t:3,6|",BRD-K45973863-001-01-4,0.918907098,0.888280402,0.90359375,0.402444218,0.858568728,0.277336299,0.280724555,0.361914128,0.24633953,0.502470434,0.161117122,0.622903228,0.455922842,0.257145315,COP(=S)(OC)Oc1cc(Cl)c(Cl)cc1Cl,0.28
COc1cccc(c1)[C@@H](C)NCCCc1ccccc1Cl,BRD-K41662846-003-01-5,0.899608909,0.910465463,0.905037186,0.660411692,0.905342758,0.688474655,0.854146719,0.689603269,0.632035434,0.533444583,0.441479295,0.89181596,0.414686352,0.55308789,C[C@@H](NCCC(c1ccccc1)c1ccccc1)c1ccccc1,0.354166667
OC1(CN(C1)C(=O)c1ccc(F)c(F)c1Nc1ccc(I)cc1F)[C@@H]1CCCCN1,BRD-K03390685-001-03-9,1.026116466,0.785309669,0.905713068,0.341417389,0.776652336,0.323278248,0.248300791,0.458679199,0.215038434,0.222544447,0.190228015,0.427659869,0.231416717,0.32037583,COc1c(N2C[C@@H]3CCCN[C@@H]3C2)c(F)cc2c(=O)c(C(=O)O)cn(C3CC3)c12.Cl,0.204081633
"CN1CCCC[C@@H]1CCN1c2ccccc2Sc2ccc(cc12)[S@@](C)=O |a:23,&1:6|",BRD-K01827307-074-13-9,0.974107927,0.845702339,0.909905133,0.456077731,0.730658591,0.481565565,0.330799878,0.54535085,0.390523016,0.333179146,0.323019147,0.680960834,0.418264627,0.326455653,CN1CCN(CCCN2c3ccccc3Sc3ccc(C(F)(F)F)cc32)CC1.Cl.Cl,0.367647059
CN(Cc1cc(Br)cc(Br)c1N)C1CCCCC1,BRD-K47631482-003-08-9,0.852632853,0.980286184,0.916459518,0.459141435,0.646312416,0.199019402,0.733816803,0.430374026,0.747700334,0.393241227,0.166286364,0.587388694,0.328489631,0.35878545,Cl.Nc1c(Br)cc(Br)cc1CNC1CCC(O)CC1,0.408163265
CCCN(C\C=C\I)[C@H]1CCc2ccc(O)cc2C1 |&1:8|,BRD-K01825667-050-01-9,0.915131836,0.922987612,0.919059724,0.379912095,0.27506128,0.468732893,0.270406991,0.597005069,0.345895946,0.4015221,0.218095765,0.565636396,0.277352899,0.379411608,CCCCCCc1ccc(O)cc1O,0.232142857
NC(=NNc1ccccc1)c1ccccc1,BRD-K91874254-001-01-4,0.879427916,0.959559872,0.919493894,0.349520558,0.635226965,0.191934973,0.558587193,0.27362752,0.439191282,0.221384227,0.107122093,0.552675664,0.213598162,0.301857501,NC(=NC(=O)N1CCOCC1)c1ccccc1,0.341463415
"CO\N=C(\C(=O)N[C@H]1[C@H]2SCC(C[N+]3(C)CCCC3)=C(N2C1=O)C(O)=O)c1csc(N)n1 |&1:7,&2:8,c:19|",BRD-A12077521-003-01-5,0.867030066,0.982126045,0.924578055,0.494266742,0.557629347,0.639387846,0.299200773,0.608237445,0.651542604,0.20386225,0.225466996,0.486498445,0.612419963,0.658421755,CO/N=C(/C(=O)NC1C(=O)N2C(C(=O)O)=C(C[N+]3(C)CCCC3)CSC12)c1csc(N)n1.[Cl-],0.985507246
CCCCCCC[N+](CC)(CC)CCCCc1ccc(Cl)cc1,BRD-K02680176-075-12-9,0.909780248,0.944733791,0.92725702,0.539376557,0.515354156,0.635268331,0.308765084,0.7360847,0.421379358,0.628333688,0.429095924,0.565543294,0.549399853,0.604541183,CCCCCCCCCCCCCCCC[N+](C)(C)Cc1ccccc1.[Cl-],0.357142857
CC(=O)N[C@H](CCCNC(N)=N)C(=O)N[C@H](CCCNC(N)=N)C(=O)N[C@H](CCCNC(N)=N)C(=O)N[C@H](CCCNC(N)=N)C(=O)N[C@H](CCCNC(N)=N)C(=O)N[C@H](CCCNC(N)=N)C(=O)N[C@H](CCCNC(N)=N)C(=O)N[C@H](CCCNC(N)=N)C(=O)N[C@H](CCCNC(N)=N)C(N)=O,BRD-K00003337-019-01-9,1.043596315,0.812169942,0.927883128,0.333242606,0.295583844,0.286139429,0.449938387,0.380234063,0.163210124,0.531259418,0.24708049,0.345460474,0.321104109,0.312415719,Cl.Cl.N=C(NCCCCCCNC(=N)NC(=N)Nc1ccc(Cl)cc1)NC(=N)Nc1ccc(Cl)cc1,0.181818182
CC(C)(Cc1c[nH]c2ccc(Cl)cc12)NCCOc1ccccc1OCC1CC1,BRD-K76840893-003-04-9,0.989581695,0.866607238,0.928094466,0.453952089,0.533025801,0.307417691,0.603964031,0.377193332,0.500615716,0.545138121,0.363124907,0.426999032,0.497555703,0.384486556,CC(C)(C)NCCCCOc1ccc(Cl)cc1C(C)(C)C,0.308823529
CCCCN(CCCC)CC[C@@H](O)c1cc2c(Cl)cc(Cl)cc2c2cc(ccc12)C(F)(F)F |&1:11|,BRD-A51964809-003-13-9,0.937194335,0.920990584,0.92909246,0.36072626,0.57714808,0.405815363,0.312597811,0.38893798,0.236579999,0.301354319,0.34574154,0.361847848,0.416994393,0.260245264,CN(C)CCCN1c2ccccc2Sc2ccc(C(F)(F)F)cc21.Cl,0.22972973
COc1cccc([C@H](O)C2CCN(CCc3ccc(F)cc3)CC2)c1OC,BRD-K23647661-001-02-2,0.809994646,1.048489282,0.929241964,0.421056947,0.577790797,0.367338687,0.541079581,0.487813354,0.288900495,0.427277565,0.303450197,0.493035942,0.37069878,0.353184074,O=c1[nH]c2ccccc2n1C1CCN(CCCC(c2ccc(F)cc2)c2ccc(F)cc2)CC1,0.28
OC(=O)c1ccnc(c1)N1CC(O)(C1)c1ccc(OCc2c(onc2-c2c(Cl)cccc2Cl)C2CC2)cc1Cl,BRD-K00004595-001-01-9,0.966858849,0.89645843,0.93165864,0.343464229,0.181975871,0.466208756,0.196729884,0.423932135,0.383727133,0.176242515,0.383087635,0.312685639,0.491672695,0.418380022,CC(=O)N1CCN(c2ccc(OCC3CO[C@](Cn4ccnc4)(c4ccc(Cl)cc4Cl)O3)cc2)CC1,0.234234234
CN(C1CCCCC1)C(=S)NN=C(c1ccccn1)c1ccccn1,BRD-K00004636-001-01-9,0.984286152,0.893120708,0.93870343,0.401589504,0.350635737,0.258630246,0.52501446,0.421626747,0.376476884,0.634454846,0.404620409,0.324857146,0.383226544,0.336352021,Cc1ccc(S(=O)(=O)N2CCN(CC(=O)N/N=C/c3ccccn3)CC2)cc1,0.210526316
Oc1c(I)cc(I)cc1I,BRD-K59013864-001-01-1,0.950009995,0.934310971,0.942160483,0.544337499,0.218105584,0.658756554,0.318353593,0.814044237,0.59540379,0.606405437,0.452670783,0.510949612,0.704854071,0.563831329,O=C(CCCCC(=O)N/N=C/c1cc(I)cc(I)c1O)NO,0.325
OC1(CCN(CCCC(c2ccc(F)cc2)c2ccc(F)cc2)CC1)c1ccc(Cl)c(c1)C(F)(F)F,BRD-K15409150-001-07-4,1.061647108,0.829457587,0.945552348,0.403532353,0.41973269,0.50262028,0.36665377,0.517865539,0.286774009,0.422080398,0.513800442,0.180181712,0.545804024,0.279810667,O=C(CCCN1CCC(O)(c2ccc(Cl)cc2)CC1)c1ccc(F)cc1,0.453125
"[H][C@@]1(OC(=O)\C(OC)=C\C(\C)=C/[C@@H](C)[C@@H](O)[C@@H](C)C\C(C)=C\C=C\[C@@H]1OC)[C@@H](C)[C@@H](O)[C@H](C)[C@@]1(O)C[C@@H](O)[C@H](C)[C@H](O1)C(C)C |c:10,t:7,20,22|",BRD-K00010387-001-01-9,0.846635144,1.044517459,0.945576302,0.362077387,0.467635155,0.16219984,0.585023642,0.240974516,0.403495252,0.30653131,0.176458418,0.544087589,0.347731143,0.386637002,CO[C@H]1/C=C/O[C@@]2(C)Oc3c(C)c(O)c4c(O)c(c(/C=N/N5CCN(C6CCCC6)CC5)c(O)c4c3C2=O)NC(=O)/C(C)=C\C=C\[C@H](C)[C@H](O)[C@@H](C)[C@@H](O)[C@@H](C)[C@H](OC(C)=O)[C@@H]1C,0.217391304
CC(=O)NC[C@H]1CN(C(=O)O1)c1ccc(N2CCN(CC2)C(=O)CO)c(F)c1,BRD-K47554101-001-02-9,0.938904106,0.957911846,0.948407976,0.371550702,0.731751919,0.137350351,0.342638046,0.527234256,0.475206167,0.217688978,0.056438524,0.644369543,0.223253042,0.359576195,CC(=O)NC[C@H]1CN(c2ccc(N3CCOCC3)c(F)c2)C(=O)O1,0.762711864
CCCCCCc1ccc(O)cc1O.Nc1c2ccccc2nc2ccccc12,BRD-M49658242-001-04-1,0.985502173,0.916740023,0.951121098,0.329630366,0.379396826,0.250246614,0.29214552,0.415166676,0.24161461,0.304737806,0.306541055,0.467774302,0.320444763,0.318235487,CCCCCCc1ccc(O)cc1O,0.634146341
"CCCCCCCCCC[C@@H](CO)CCCCCCCC |&1:10,r|",BRD-A51407134-001-02-7,0.865640584,1.036686812,0.951163698,0.445005721,0.366518229,0.478532284,0.61684376,0.563768804,0.299360961,0.426013082,0.267794847,0.687850296,0.282762021,0.460612923,CCCCCCCCCCCCCCCC[N+](C)(C)C.[Br-],0.307692308
CC(C)=CCC[C@](C)(O)[C@H]1CC[C@]2(C)[C@@H]1[C@H](O)C[C@@H]1[C@@]3(C)CC[C@H](O)C(C)(C)[C@@H]3[C@@H](O)C[C@@]21C,BRD-K15231341-001-02-9,0.957502748,0.95325392,0.955378334,0.353046287,0.392518133,0.105977312,0.684082329,0.223718837,0.584679306,0.157662481,0.105322592,0.721614659,0.239150271,0.315736949,CC(C)=CCC[C@](C)(O)C1CC=C(C)CC1,0.318181818
CO\N=C(/C(=O)N[C@H]1[C@H]2SCC(CSC(=O)c3ccco3)=C(N2C1=O)C(O)=O)c1csc(N)n1 |c:21|,BRD-K82960980-236-05-9,0.968195594,0.944239471,0.956217532,0.456428871,0.621187747,0.437279135,0.178717881,0.435553193,0.710548162,0.22751832,0.268112808,0.39830029,0.656409323,0.630661845,CO/N=C(/C(=O)N[C@@H]1C(=O)N2C(C(=O)O)=C(CSC(=O)c3ccco3)CS[C@H]12)c1csc(N)n1.Cl,0.987012987
[O-][N+](=O)c1cc2[nH]c(=O)c(=O)[nH]c2cc1[N+]([O-])=O,BRD-K64400208-001-10-9,0.943813552,0.970741082,0.957277317,0.604895008,0.822877049,0.252287149,0.865185618,0.388501734,0.91459924,0.748710632,0.524390519,0.755998909,0.375451177,0.400948048,O=[N+]([O-])c1ccc(O)c([N+](=O)[O-])c1,0.333333333
S=C=Nc1cccc(c1)C1(CCCCC1)N1CCCCC1,BRD-K95701999-066-06-9,1.025963401,0.888875362,0.957419381,0.480646475,0.820879698,0.456131458,0.597019792,0.671815634,0.310467839,0.524944067,0.246277973,0.396653086,0.437987357,0.344287843,Cc1ccc(C2(CN)CCCCC2)cc1,0.196078431
"C([C@H]1CN2CCC1CC2)N1c2ccccc2Sc2ccccc12 |&1:1,r|",BRD-A67616246-001-08-9,0.984860188,0.930508275,0.957684232,0.374716865,0.696074665,0.358589917,0.217856318,0.43022722,0.34771347,0.336606443,0.199393645,0.556079984,0.34870106,0.255925924,CCC(CC)C(=O)N1c2ccccc2Sc2ccccc21,0.333333333
Oc1c(I)cc(I)c2cccnc12,BRD-K75855670-001-15-9,0.885477369,1.031348216,0.958412793,0.547589636,0.39724493,0.709255219,0.334315896,0.664487541,0.781427085,0.613780499,0.534340084,0.457150042,0.646695673,0.33719939,Oc1c(I)cc(Cl)c2cccnc12,0.71875
CO\N=C(/C(=O)N[C@H]1[C@H]2SCC(CSc3nc(=O)c(O)nn3C)=C(N2C1=O)C(O)=O)c1csc(N)n1 |c:23|,BRD-K96734425-324-01-5,1.02067506,0.897844499,0.959259779,0.570354044,0.498959452,0.53003037,0.549775958,0.56379962,0.923749208,0.338259161,0.371483535,0.52285403,0.663181722,0.741447389,CO/N=C(/C(=O)N[C@@H]1C(=O)N2C(C(=O)[O-])=C(CSc3nc(=O)c([O-])nn3C)CS[C@H]12)c1csc(N)n1.O.O.O.[Na+].[Na+],0.770114943
NC(=N)N\N=C\c1c(Cl)cccc1Cl,BRD-K62736196-015-13-6,0.975716278,0.94879833,0.962257304,0.466820475,0.725640953,0.429320961,0.523481429,0.416958541,0.377894104,0.560081005,0.298270643,0.693246007,0.309115469,0.334195644,Cl.N=C(N/N=C/c1ccc(Cl)cc1)N/N=C/c1ccc(Cl)cc1,0.384615385
CO\N=C(/C(=O)N[C@H]1[C@H]2SCC=C(N2C1=O)C(O)=O)c1csc(N)n1 |c:11|,BRD-K04301924-236-03-2,0.954371095,0.972354488,0.963362792,0.589715463,0.542579651,0.742682219,0.380690426,0.773678541,0.772889853,0.42180711,0.30130586,0.738040626,0.508858681,0.714621663,Nc1nc(/C(=C/CC(=O)O)C(=O)N[C@@H]2C(=O)N3C(C(=O)O)=CCS[C@H]23)cs1,0.652173913
CC(=O)OCC1=C(N2[C@H](SC1)[C@H](N)C2=O)C(O)=O |t:5|,BRD-K65377893-001-08-2,0.965514568,0.962853195,0.964183882,0.3348765,0.831453025,0.187586457,0.329247952,0.460507631,0.346926808,0.165931344,0.078622378,0.630149603,0.094024353,0.22431545,CO/N=C(/C(=O)N[C@@H]1C(=O)N2C(C(=O)[O-])=C(COC(C)=O)CS[C@H]12)c1csc(N)n1.[Na+],0.407894737
"C[C@@H](O)[C@@H]1[C@H]2[C@@H](C)C(SC3Cn4cnc[n+]4C3)=C(N2C1=O)C(O)=O |a:1,3,4,5,&1:9,c:18|",BRD-A80321291-001-06-5,0.865918643,1.064864054,0.965391349,0.667679858,0.860407054,0.675866842,0.673765898,0.770643115,0.817490935,0.523153543,0.297381401,0.787654638,0.59763813,0.672797024,C[C@@H](O)[C@H]1C(=O)N2C(C(=O)[O-])=C(SC3Cn4cnc[n+]4C3)[C@H](C)[C@H]12,0.847457627
Cc1cccc2[C@@H](O)C[C@@H](CN3CCC(CC3)c3c(Cl)cccc3Cl)CCc12,BRD-K08333979-003-02-9,1.087310195,0.852939668,0.970124931,0.644187143,0.877563834,0.579006195,0.736866415,0.632579207,0.706497073,0.593963802,0.513014555,0.648097277,0.694963634,0.459319443,CCCCC(=O)C1CCC(c2ccc(Cl)cc2)CC1,0.208955224
CNCCC=C1c2ccccc2CCc2ccccc12,BRD-K91263825-003-23-9,0.981216168,0.964034163,0.972625165,0.360375343,0.70263505,0.334710091,0.401933819,0.30605793,0.192497551,0.310529858,0.239183947,0.596644223,0.252224892,0.267336071,CN(C)CCC=C1c2ccccc2CCc2ccccc21.Cl,0.594594595
COc1cc(ccc1Nc1ncc(Cl)c(Nc2ccccc2P(C)(C)=O)n1)N1CCC(CC1)N1CCN(C)CC1,BRD-K56981171-001-02-8,1.003941909,0.941437702,0.972689805,0.480907634,0.456361562,0.324746162,0.532456398,0.472333223,0.393840015,0.484777778,0.388590991,0.466082662,0.661145747,0.628741801,COc1cc2c(cc1OC)C(=O)C(CC1CCN(Cc3ccccc3)CC1)C2.Cl,0.212765957
S=C=NCCc1ccccc1,BRD-K56700933-001-03-9,0.967771974,0.980283034,0.974027504,0.349544483,0.787527025,0.473060131,0.352584243,0.492040515,0.013599928,0.412357897,0.237669557,0.289349347,0.157720596,0.279535592,S=C=NCc1ccccc1,0.615384615
O[C@@H](COc1ccccc1-c1ccccc1)CC(=N)N1CCCCC1 |&1:1|,BRD-A64808605-003-03-9,0.984284061,0.963935781,0.974109921,0.365119918,0.314662188,0.298868209,0.650485337,0.422326028,0.576857507,0.247924298,0.126856893,0.487171263,0.229442939,0.296604514,CC(C)NCC(O)COc1cccc2ccccc12.Cl,0.327586207
CN(C)CCCN1c2ccccc2Sc2ccc(cc12)C(F)(F)F,BRD-K63675182-003-25-9,0.993847836,0.956139758,0.974993797,0.345636144,0.741742373,0.29011488,0.143374309,0.413866132,0.195457622,0.312934577,0.246720895,0.536348939,0.337046266,0.23875545,CN(C)CCCN1c2ccccc2Sc2ccc(C(F)(F)F)cc21.Cl,0.976190476
FC1(F)Oc2ccc(CN3CCN(CC3)C(=O)Nc3cnccc3Cl)cc2O1,BRD-K70330032-001-01-1,0.976812796,0.976826937,0.976819866,0.399475183,0.594249725,0.371538043,0.133891255,0.546620309,0.467508912,0.213618308,0.213022307,0.581783056,0.365287602,0.507232308,C#Cc1ccc([C@H]2C=C(C(=O)N3CCN(Cc4ccc5c(c4)OCO5)CC3)O[C@@H](OCC)[C@@H]2CCCO)cc1,0.262626263
CC(=O)OCC1=C2N3[C@H](SC1)[C@H](NC(=O)CCC[C@H](N)C(=O)O[Zn]OC2=O)C3=O |t:5|,BRD-K00025564-001-01-9,0.999543407,0.958597396,0.979070401,0.458230768,0.965517819,0.324665159,0.229230389,0.40311113,0.372029632,0.364401549,0.285916656,0.732147872,0.373690993,0.531596482,CO/N=C(/C(=O)N[C@@H]1C(=O)N2C(C(=O)[O-])=C(COC(C)=O)CS[C@H]12)c1csc(N)n1.[Na+],0.292929293
C1C[C@@H](Nc2nc3ccccc3[nH]2)c2ccccc2C1,BRD-K34624869-003-02-9,0.960420044,0.998779528,0.979599786,0.397043213,0.769111156,0.349044234,0.586170971,0.344182193,0.238866687,0.452831626,0.21130003,0.520462334,0.24761425,0.250848651,CC(C)Cc1nc2ccccc2[nH]1,0.3
CN1CCN(CC1)c1ccc(OC(F)(F)F)c(Nc2ncc3CCc4c(nn(CCO)c4-c3n2)C(N)=O)c1,BRD-K83699324-001-02-9,1.02906007,0.933431602,0.981245836,0.329079514,0.112858839,0.321883827,0.148350403,0.469909638,0.341270834,0.23003456,0.289788336,0.266514748,0.451504469,0.658679485,CN1CCN(c2cc3c(cc2F)c(=O)c(C(=O)O)cn3-c2ccc(F)cc2)CC1.Cl,0.198019802
CCCCCCCCCCCCCCCCCCCCCCO,BRD-K50050533-001-05-9,0.982551552,0.980149445,0.981350498,0.346532348,0.242338523,0.391980916,0.316343546,0.447031081,0.235998765,0.395433158,0.252593935,0.532131374,0.234658211,0.41681397,CCCCCCCCCCCCCCCC[N+](C)(C)C.[Br-],0.380952381
CN[C@H]1[C@H](O)[C@@H](O)[C@H](CO)O[C@H]1O[C@H]1[C@H](O[C@@H]2[C@@H](O)[C@H](O)[C@@H](NC(N)=N)[C@H](O)[C@H]2NC(N)=N)O[C@@H](C)[C@]1(O)CO.CN[C@H]1[C@H](O)[C@@H](O)[C@H](CO)O[C@H]1O[C@H]1[C@H](O[C@@H]2[C@@H](O)[C@H](O)[C@@H](NC(N)=N)[C@H](O)[C@H]2NC(N)=N)O[C@@H](C)[C@]1(O)CO,BRD-M15413738-326-05-0,1.033382918,0.931371788,0.982377353,0.599260426,0.834753335,0.348407358,0.688149989,0.67302531,0.214606643,0.704261363,0.495578855,0.57187444,0.786301792,0.675645173,CN[C@@H]1[C@H](OC2[C@H](O[C@@H]3[C@@H](NC(=N)N)[C@H](O)[C@@H](NC(=N)N)[C@H](O)[C@H]3O)O[C@@H](C)[C@]2(O)C=O)O[C@@H](CO)[C@H](O)[C@H]1O.O=S(=O)(O)O,0.727272727
OCCN1CCN(CC\C=C2\c3ccccc3Sc3ccc(Cl)cc23)CC1,BRD-K28761384-001-10-9,0.997665987,0.968286568,0.982976278,0.422034331,0.646603763,0.401024193,0.480094016,0.501972795,0.585695803,0.426591843,0.310715854,0.236628041,0.37940222,0.251614779,OCCN1CCN(CCCN2c3ccccc3Sc3ccc(Cl)cc32)CC1,0.535714286
CN[C@@H]1[C@@H](O)[C@@H](O[C@H]2[C@@H](C[C@H](N)[C@@H](O[C@H]3O[C@H](CN)[C@@H](O)[C@H](O)[C@H]3O)[C@@H]2O)NC(=O)[C@@H](O)CN)OC[C@]1(C)O,BRD-K74759733-001-01-9,0.990999183,0.976801161,0.983900172,0.432678421,0.642576814,0.142113477,0.680168808,0.350457907,0.381658226,0.373287678,0.208700582,0.590823293,0.402602106,0.554395318,NCC[C@@H](O)C(=O)N[C@@H]1C[C@H](N)[C@@H](O[C@H]2O[C@H](CN)[C@@H](O)[C@H](O)[C@H]2O)[C@H](O)[C@H]1O[C@H]1O[C@H](CO)[C@@H](O)[C@H](N)C1O.O,0.564102564
"[H][C@@]1(C[C@@](C)(O)[C@@H](O)[C@H](C)O1)O[C@@H]1[C@@H](C)O[C@@]([H])(O[C@H]2[C@@H](CC=O)C[C@@H](C)[C@@H](O[C@@]3([H])CC[C@@H]([C@@H](C)O3)N(C)C)\C=C\C=C\C[C@@H](C)OC(=O)C[C@@]([H])(OC(C)=O)[C@@H]2OC)[C@H](O)[C@H]1N(C)C |t:42,44|",BRD-K00004968-001-01-9,1.015428925,0.954991051,0.985209988,0.742609116,0.764399171,0.682061911,0.905334413,0.778892457,0.912466466,0.668775737,0.372155041,0.820860505,0.685855389,0.835290074,CO[C@@H]1[C@@H](O[C@@H]2O[C@H](C)[C@@H](O[C@H]3C[C@@](C)(O)[C@H](O)[C@H](C)O3)[C@H](N(C)C)[C@H]2O)[C@@H](CC=O)C[C@@H](C)[C@@H](O[C@H]2CC[C@H](N(C)C)[C@@H](C)O2)/C=C/C=C/C[C@H](C)OC(=O)C[C@H]1O,0.858585859
CC(C)(C)CC(C)(C)c1ccc(O)c(Cc2ccc(Cl)cc2Cl)c1,BRD-K02900412-001-12-1,0.971357547,1.000298176,0.985827862,0.346633985,0.394805461,0.41937387,0.108495168,0.547558904,0.176644415,0.389573365,0.304399639,0.385083079,0.432579786,0.307826161,Oc1ccc(Cl)cc1Cc1cc(Cl)ccc1O,0.5
[O-][N+](=O)c1c(Cl)c(Cl)cc2[nH]c(=O)c(=O)[nH]c12,BRD-K81881550-001-03-9,0.953891702,1.018654106,0.986272904,0.708130825,0.643359661,0.531604052,0.830343485,0.692188561,0.952462077,0.846676648,0.64877516,0.70512706,0.6497944,0.580977142,O=c1[nH]c2cc(Cl)ccc2o1,0.222222222
Nc1nc2cc(CC[C@H]3C[C@H]([C@H](O)[C@@H]3O)n3ccc4c(N)ncnc34)ccc2cc1Br,BRD-K30421675-001-04-9,0.866459176,1.107708614,0.987083895,0.349425778,0.335518271,0.237971947,0.474740475,0.224770889,0.46502921,0.314240664,0.282160074,0.385887027,0.395792156,0.378147066,Nc1ncnc2c1c(I)cn2[C@H]1O[C@@H](CO)[C@@H](O)[C@@H]1O,0.234567901
COCCOc1ccc2n(cnc2c1)-c1ccc2cccc(N3CCC(N)CC3)c2n1,BRD-K43621685-001-05-9,0.998118918,0.97941994,0.988769429,0.453110667,0.651856422,0.323090374,0.600869656,0.455761313,0.454111934,0.348288506,0.219464496,0.582206607,0.456113696,0.439343661,CC1(COc2ccc3c(c2)ncn3-c2ccc3cccc(N4CCC(N)CC4)c3n2)COC1,0.724637681
Oc1cc2CCCN(Cc2cc1O)C(=S)NCCc1ccc(Cl)cc1,BRD-K44849676-001-12-9,1.000964346,0.978180629,0.989572487,0.326869759,0.334930807,0.264088005,0.449072421,0.350296915,0.343647182,0.446302176,0.289622247,0.345255435,0.235279784,0.210202619,NC[C@H]1CCCc2ccc(Cl)cc21,0.233333333
CC1(C)OC(=O)NC1=O,BRD-K43687498-001-09-8,0.969042394,1.011670381,0.990356387,0.335245329,0.253502518,0.045505814,0.872901797,0.414636046,0.953315139,0.079292439,0.007139594,0.60640204,0.022156544,0.097601362,CN1C(=O)OC(C)(C)C1=O,0.333333333
Oc1ccc(Cl)cc1C(=O)Nc1ccc(cc1Cl)[N+]([O-])=O,BRD-K35960502-001-19-2,0.986440169,0.994791813,0.990615991,0.517855865,0.562213182,0.216203064,0.457334459,0.476218075,0.909485042,0.56806761,0.448384374,0.443239063,0.657951176,0.439462602,O=[N+]([O-])c1ccc(O)c([N+](=O)[O-])c1,0.409090909
"CC1=C(N2[C@H](SC1)[C@H](NC(=O)[C@H](N)C1=CCC=CC1)C2=O)C(O)=O |c:17,t:1,14|",BRD-K13797099-001-03-9,0.991267292,0.998951618,0.995109455,0.389698821,0.820708692,0.467666775,0.09562441,0.557246089,0.115314513,0.27470091,0.295395136,0.462722391,0.279412657,0.528196633,N[C@@H](C(=O)N[C@@H]1C(=O)N2C(C(=O)O)=C(Cl)CS[C@H]12)c1ccccc1,0.523076923
NC(=O)\N=N\C(N)=O,BRD-K87036601-001-02-4,1.009637301,0.981775967,0.995706634,0.354404692,0.997116923,0.042939246,0.022219414,0.078568406,0.985166132,0.07395266,0.12849842,0.891575456,0.054001786,0.270008475,O=C(O)P(=O)(O)O,0.176470588
CC1(C)S[C@@H]2[C@H](\N=C\N3CCCCCC3)C(=O)N2[C@H]1C(O)=O,BRD-K41051431-001-03-9,0.898798399,1.093172079,0.995985239,0.354541387,0.308726221,0.742588401,0.172580525,0.592190087,0.139736786,0.328505486,0.225197896,0.425287455,0.229966968,0.38063404,CC1(C)S[C@@H]2[C@H](NC(=O)Cc3ccccc3)C(=O)N2[C@H]1C(=O)[O-].[K+],0.359375
BrC1C(Br)C(Br)C(Br)C(Br)C1Br,BRD-K06817181-001-03-9,1.002937087,0.991316007,0.997126547,0.401529658,0.011551309,0.179037243,0.485012084,0.54769522,0.826914847,0.427100688,0.108341172,0.535532773,0.465341032,0.428770214,NC[C@H]1CCCc2ccc(Cl)cc21,0.060606061
OP(O)(=O)Cn1c2cc(N3CCOCC3)c(cc2[nH]c(=O)c1=O)C(F)(F)F,BRD-K67525671-001-04-9,1.031757513,0.964291642,0.998024577,0.362810452,0.715170145,0.231200606,0.079705827,0.534116387,0.483422428,0.203275412,0.172781661,0.533213913,0.290191025,0.385027111,CC(=O)NC[C@H]1CN(c2ccc(N3CCOCC3)c(F)c2)C(=O)O1,0.285714286
[H][C@@](C)(N[P@](=O)(OC[C@@]1([H])O[C@@]([H])(n2cnc3c(OC)nc(N)nc23)[C@](C)(O)[C@]1([H])O)Oc1cccc2ccccc12)C(=O)OCC(C)(C)C |r|,BRD-K00004752-001-01-9,1.01810664,0.977994891,0.998050765,0.375087176,0.331779569,0.356174886,0.746925056,0.380373091,0.475120842,0.230032906,0.237111732,0.359069228,0.237735674,0.396548778,COc1ccc(C[C@@H](N)C(=O)N[C@H]2[C@@H](CO)O[C@H](n3cnc4c(N(C)C)ncnc43)[C@@H]2O)cc1,0.237704918
NC(=S)N\N=C\c1ccncc1,BRD-K00004530-001-01-9,1.00806735,0.991042244,0.999554797,0.421060246,0.375880718,0.493014485,0.280538827,0.503064632,0.494536906,0.567397118,0.320314825,0.708171368,0.142762601,0.324920982,Oc1ccccc1/N=C/c1ccncc1,0.384615385
CCCN(C\C=C\I)[C@H]1CCc2cccc(O)c2C1 |&1:8|,BRD-A60594020-034-02-9,1.014053664,0.986495008,1.000274336,0.418395926,0.31928581,0.500739574,0.362254411,0.62448293,0.449858904,0.414646536,0.233083084,0.589914203,0.297187209,0.392506599,CN(C)CCC=C1c2ccccc2CCc2ccccc21.Cl,0.213114754
OC[C@H]1CN(C(=O)O1)c1ccc(OCC2(O)CCN(CC2)c2cc3n(cc(C(O)=O)c(=O)c3cc2F)C2CC2)c(F)c1,BRD-K00003370-001-01-9,1.056266227,0.946391883,1.001329055,0.822015661,0.977148533,0.878115535,0.892708242,0.892035782,0.875559688,0.509007394,0.689364016,0.934451878,0.736971021,0.834794521,O=C(O)c1cn(C2CC2)c2cc(N3CCNCC3)c(F)cc2c1=O,0.518987342
Cc1nnc(SCC2=C(N3[C@H](SC2)[C@H](NC(=O)Cn2cnnn2)C3=O)C(O)=O)s1 |t:7|,BRD-K99750640-236-20-3,0.973489721,1.031490524,1.002490123,0.420077874,0.637996137,0.42346099,0.394880444,0.395469546,0.792105198,0.20551388,0.109814644,0.404960364,0.391534507,0.445043027,O=C(Cn1cnnn1)N[C@@H]1C(=O)N2C(C(=O)O)=C(CSc3nncs3)CS[C@H]12,0.785714286
CCCCC(=O)OCC(=O)[C@@]1(O)C[C@H](O[C@H]2C[C@H](NC(=O)C(F)(F)F)[C@H](O)[C@H](C)O2)c2c(O)c3C(=O)c4c(OC)cccc4C(=O)c3c(O)c2C1,BRD-K72951360-001-02-9,0.879635737,1.134202379,1.006919058,0.327644716,0.624832332,0.222282797,0.139529377,0.500403225,0.283467889,0.242646217,0.240080819,0.382227868,0.260860294,0.380116343,COc1cccc2c1C(=O)c1c(O)c3c(c(O)c1C2=O)C[C@@](O)(C(=O)CO)C[C@@H]3O[C@H]1C[C@H](N)[C@@H](O)[C@H](C)O1.Cl,0.61
"[H][C@@]12Cc3c(cc(NC(=O)CNC(C)(C)C)c(O)c3C(=O)[C@@H]1C(=O)[C@]1(O)C(=O)[C@H](C(N)=O)C(=O)[C@@H](N(C)C)[C@]1([H])C2)N(C)C |&1:28,&2:21|",BRD-K00003349-001-01-9,1.030594182,0.985134776,1.007864479,0.345334886,0.099292628,0.262955457,0.193920583,0.509808719,0.089198552,0.555978,0.391098738,0.43376857,0.418763399,0.498564214,CN(C)c1ccc(O)c2c1C[C@H]1C[C@H]3[C@H](N(C)C)C(O)=C(C(N)=O)C(=O)[C@@]3(O)C(O)=C1C2=O.Cl,0.303030303
"C[C@H]1[C@H]2[C@@H](C[C@H]3[C@H]4CC=C5C[C@@H](CC[C@@]5(C)[C@@H]4CC[C@@]23C)O[C@H]2O[C@@H](CO)[C@@H](O[C@H]3O[C@@H](C)[C@@H](O)[C@@H](O)[C@@H]3O)[C@@H](O)[C@@H]2O[C@H]2O[C@@H](C)[C@@H](O)[C@@H](O)[C@@H]2O)O[C@]11CC[C@@H](C)CN1 |&1:1,&2:2,&3:3,&4:5,&5:6,&6:11,&7:14,&8:16,&9:19,&10:22,&11:24,&12:27,&13:29,&14:31,&15:33,&16:35,&17:37,&18:39,&19:41,&20:43,&21:45,&22:47,&23:49,&24:51,&25:54,&26:57,r,t:8|",BRD-A65562236-001-01-2,1.01345799,1.004299009,1.008878499,0.367459226,0.568893373,0.138518557,0.586931884,0.381993711,0.298763722,0.277656227,0.168856546,0.498894513,0.374207973,0.379875749,CC1CC[C@@]2(OC1)O[C@H]1CC3C4CC[C@@H]5C[C@@H](O)CC[C@]5(C)C4CC[C@]3(C)[C@H]1[C@@H]2C,0.274509804
Oc1ccc(cc1[N+]([O-])=O)[As](O)(O)=O,BRD-K22685337-001-15-9,1.029720844,0.990278797,1.00999982,0.327642415,0.37954697,0.054912105,0.293346018,0.14249146,0.306109011,0.445700526,0.446048707,0.434725881,0.471144378,0.302399099,O=[N+]([O-])c1ccc(O)c([N+](=O)[O-])c1,0.5625
CN[C@H](C)[C@@H]1CC[C@@H](N)[C@@H](O[C@@H]2[C@@H](N)C[C@@H](N)[C@H](O[C@H]3OC[C@](C)(O)[C@H](NC)[C@H]3O)[C@H]2O)O1,BRD-K97891829-065-02-9,1.003021113,1.017700074,1.010360594,0.516987646,0.657963157,0.202218026,0.865577877,0.397156298,0.67471242,0.41424796,0.171625048,0.790879846,0.361662418,0.633833408,CNC(C)[C@@H]1CC[C@@H](N)[C@@H](OC2[C@@H](N)C[C@@H](N)[C@H](OC3OC[C@](C)(O)[C@H](NC)[C@H]3O)[C@H]2O)O1.O=S(=O)(O)O,0.928571429
[H][C@]12CO[P@](S)(=O)O[C@@]3([H])[C@@H](O)[C@@H](O[C@]3([H])CO[P@](S)(=O)O[C@@]([H])([C@@H](O1)n1cnc3c(N)ncnc13)[C@]2([H])O)n1cnc2c(N)ncnc12,BRD-K00003146-318-01-9,0.910947273,1.115282239,1.013114756,0.402063238,0.735575438,0.677075028,0.12623772,0.393143117,0.062246729,0.24688834,0.364654928,0.320396632,0.599716961,0.494697481,C=C1O[C@@](CO)(n2cnc3c(N)ncnc32)[C@H](O)[C@@H]1O,0.315068493
CN[C@H]1[C@@H](O)[C@H]2O[C@H](O[C@@H]3[C@@H](N)C[C@@H](N)[C@H](O)[C@H]3O)[C@H](N)C[C@@H]2O[C@@H]1O[C@H]1O[C@H](CO)[C@@H](N)[C@H](O)[C@H]1O,BRD-K96737756-065-02-9,1.000653794,1.026179618,1.013416706,0.388358398,0.464475304,0.092997238,0.637345731,0.264817417,0.331926852,0.379428685,0.205087841,0.473610699,0.471059769,0.562834442,NC[C@H]1O[C@H](O[C@@H]2[C@@H](N)C[C@@H](N)[C@H](O[C@H]3O[C@H](CO)[C@@H](O)[C@H](N)[C@H]3O)[C@H]2O)[C@H](N)C[C@@H]1O,0.446153846
"CCOc1ccc(C[C@H]2NC(=O)CCSSC[C@H](NC(=O)[C@H](CC(N)=O)NC(=O)[C@@H](NC(=O)[C@@H](NC2=O)[C@@H](C)CC)[C@@H](C)O)C(=O)N2CCC[C@H]2C(=O)N[C@@H](CCCN)C(=O)NCC(N)=O)cc1 |a:8,17,21,33,37,41,50,54,&1:29|",BRD-A85261566-001-03-3,0.94627282,1.080844261,1.01355854,0.326042767,0.214970276,0.266752809,0.142419994,0.52094245,0.269990444,0.413067073,0.277702391,0.294440717,0.370567828,0.489573687,CCC(C)C1NC(=O)C(CCN)NC(=O)C(NC(=O)C(CCN)NC(=O)C(NC(=O)C(CCN)NC(=O)CCCCC(C)C)C(C)O)CCNC(=O)C(C(C)O)NC(=O)C(CCN)NC(=O)C(CCN)NC(=O)C(C(C)CC)NC1=O.O=S(=O)(O)O.O=S(=O)(O)O,0.292857143
CN1CCN(CC1)C1=Cc2ccccc2Oc2ccc(Cl)cc12 |t:8|,BRD-K92588747-051-03-9,1.007780303,1.027198258,1.01748928,0.464267379,0.492844522,0.528604805,0.360154837,0.623573244,0.576018512,0.516005516,0.393375129,0.406318426,0.373240978,0.372537822,Clc1ccc2c(c1)C(N1CCNCC1)=Nc1ccccc1O2,0.436363636
NC(=N)N\N=C1/CCc2c1cccc2C(N)=N,BRD-K00003165-300-01-9,0.991414956,1.04457406,1.017994508,0.337048482,0.655965924,0.311081916,0.399874687,0.294123113,0.582999945,0.193732589,0.084950358,0.554903686,0.102296956,0.190555647,N=C(N)/N=C(\N)Nc1ccc(Cl)cc1,0.204081633
CO\N=C(/C(=O)N[C@H]1[C@H]2SCC(CSc3nc(C)c(CC(O)=O)s3)=C(N2C1=O)C(O)=O)c1csc(N)n1 |c:24|,BRD-K22641081-001-01-0,1.018016406,1.018643288,1.018329847,0.486882773,0.273669899,0.422785163,0.236847937,0.479416311,0.805571318,0.424288154,0.365523875,0.429418951,0.739280403,0.692025721,CO/N=C(/C(=O)NC1C(=O)N2C(C(=O)O)=C(C[N+]3(C)CCCC3)CSC12)c1csc(N)n1.[Cl-],0.655172414
CCCCCCCCCCCC1C(=O)C(O)=CC(=O)C1=O |c:15|,BRD-K86727142-001-16-9,0.967370715,1.072474681,1.019922698,0.360133766,0.44664225,0.352851689,0.438999414,0.465802848,0.333197176,0.395467073,0.233043924,0.386986613,0.261900008,0.286446661,CCCCC1C(=O)NC(=S)NC1=O,0.325
CCOC(=S)SSC(=S)OCC,BRD-K05919151-001-02-9,1.016767954,1.028148708,1.022458331,0.671070674,0.979331493,0.755265474,0.940168679,0.494779348,0.988488138,0.866815448,0.356729656,0.591371715,0.251129597,0.486627191,CCN(CC)C(=S)SSC(=S)N(CC)CC,0.333333333
"C[C@H](NC[C@H](O)CP(O)(=O)CC1CCCCC1)c1ccc(Cl)c(Cl)c1 |a:1,4,&1:7|",BRD-A74208568-003-04-9,1.025167542,1.022797201,1.023982372,0.476957731,0.812251747,0.190319523,0.546679914,0.354936272,0.572074533,0.450430572,0.250020593,0.72579062,0.492711484,0.374362051,C[C@@H](NCCC(c1ccccc1)c1ccccc1)c1ccccc1,0.24137931
C[C@H](NC[C@H](O)CP(O)(=O)Cc1ccccc1)c1ccc(Cl)c(Cl)c1,BRD-K00004232-003-02-9,0.988000746,1.060611532,1.024306139,0.392597549,0.605972886,0.192156807,0.521149397,0.323910624,0.399423659,0.361014098,0.243146092,0.609994233,0.380221128,0.288986564,C[C@@H](NCCC(c1ccccc1)c1ccccc1)c1ccccc1,0.301886792
[H][C@]1(O[C@@H]2[C@@H](N)C[C@@H](NCC)[C@H](O[C@@]3([H])OC[C@](C)(O)[C@H](NC)[C@H]3O)[C@H]2O)OC(CN)=CC[C@H]1N |c:32|,BRD-K00003604-315-01-9,1.072938113,0.981771388,1.027354751,0.382150199,0.40899393,0.113573752,0.647620857,0.284528941,0.510532975,0.337574363,0.124431789,0.629556835,0.31804207,0.446646482,CN[C@@H]1[C@@H](O)C(OC2[C@@H](N)C[C@@H](N)[C@H](O[C@H]3O[C@H](C(C)O)[C@@H](O)[C@H](O)[C@H]3N)[C@H]2O)OC[C@]1(C)O,0.473684211
O[Hg]c1c(O)c(Br)cc2c(-c3ccccc3C(O)=O)c3cc(Br)c(=O)cc3oc12,BRD-K21771665-304-04-2,0.916808377,1.138670158,1.027739267,0.49006029,0.987823606,0.553682387,0.042456515,0.525309741,0.552563012,0.165600523,0.414500117,0.875091434,0.452753901,0.330821663,O=C([O-])c1ccccc1-c1c2cc(Br)c(=O)cc-2oc2c([Hg]O)c([O-])c(Br)cc12.[Na+].[Na+],0.672131148
"O[C@@H](CN1CCC(Cc2ccc(F)cc2)CC1)c1ccc(Cl)cc1 |&1:1,r|",BRD-A61392169-001-03-9,1.043856187,1.014144152,1.029000169,0.326161404,0.548533976,0.328002661,0.375089437,0.449208438,0.213152155,0.385909051,0.243041709,0.19248578,0.356845856,0.169344977,O=C(CCCN1CCC(O)(c2ccc(Cl)cc2)CC1)c1ccc(F)cc1,0.296875
Nc1c2[C@@H](O)CCCc2nc2ccccc12 |&1:3|,BRD-K01825165-001-02-9,1.086496988,0.972527348,1.029512168,0.360247928,0.604532242,0.355485529,0.489977151,0.372735471,0.241222501,0.397991538,0.168579951,0.462409317,0.226661697,0.282883883,Nc1c2c(nc3ccccc13)CCCC2,0.55
CO\N=C(/C(=O)N[C@H]1[C@H]2SCC(COC(C)=O)=C(N2C1=O)C(O)=O)c1csc(N)n1 |c:16|,BRD-K78364995-236-19-1,1.007678337,1.054094432,1.030886384,0.42789484,0.36733669,0.413028449,0.288224071,0.541572154,0.738356471,0.269384921,0.189520478,0.443260729,0.475157648,0.553106785,CO/N=C(/C(=O)N[C@@H]1C(=O)N2C(C(=O)[O-])=C(COC(C)=O)CS[C@H]12)c1csc(N)n1.[Na+],0.85915493
"COCC1=C(N2[C@H](SC1)[C@H](NC(=O)C(=N/OC)\c1csc(N)n1)C2=O)C(=O)O[C@@H](C)OC(=O)OC(C)C |a:6,9,&1:28,t:3|",BRD-A34205213-001-04-7,1.026688859,1.036794578,1.031741719,0.34476463,0.280168355,0.412350029,0.165680602,0.375880063,0.456706852,0.269661546,0.232932538,0.297959,0.491859794,0.464447528,CO/N=C(/C(=O)N[C@@H]1C(=O)N2C(C(=O)[O-])=C(COC(C)=O)CS[C@H]12)c1csc(N)n1.[Na+],0.647058824
S=C=Nc1cccc(NC(=S)NCCCCNC(=S)Nc2cccc(c2)N=C=S)c1,BRD-K91135178-001-04-9,1.086093685,0.977622797,1.031858241,0.389523433,0.82350266,0.086567342,0.22966525,0.430959344,0.131633356,0.474578291,0.339261949,0.530923963,0.381226867,0.466915309,S=C(Nc1ccccc1)Nc1ccc2c(c1)oc1ccccc12,0.288461538
OC(=C1C(=O)CCCC1=O)c1ccc(cc1[N+]([O-])=O)C(F)(F)F,BRD-K01109406-001-04-5,0.999223568,1.067424266,1.033323917,0.332071801,0.166698217,0.231743872,0.230904728,0.477464885,0.330421835,0.457805783,0.383056104,0.168897048,0.437458128,0.436267406,O=[N+]([O-])c1ccc(O)c([N+](=O)[O-])c1,0.265306122
CN[C@H]1[C@H](O)[C@@H](O)[C@H](CO)O[C@H]1O[C@H]1[C@H](O[C@H]2[C@H](O)[C@@H](O)[C@H](NC(N)=N)[C@@H](O)[C@@H]2NC(N)=N)O[C@@H](C)[C@]1(O)C=O,BRD-K07166362-065-03-9,1.05915206,1.007982209,1.033567134,0.707114142,0.929365695,0.463025808,0.933201075,0.611035585,0.762544572,0.754517376,0.495668828,0.657744765,0.798325062,0.665712655,CN[C@@H]1[C@H](OC2[C@H](O[C@@H]3[C@@H](NC(=N)N)[C@H](O)[C@@H](NC(=N)N)[C@H](O)[C@H]3O)O[C@@H](C)[C@]2(O)C=O)O[C@@H](CO)[C@H](O)[C@H]1O.O=S(=O)(O)O,0.93442623
[O-][N+](=O)c1cccc2c[nH]nc12,BRD-K04430056-001-17-7,0.985416918,1.082002475,1.033709697,0.328911085,0.195417807,0.182653412,0.638634682,0.169796392,0.608260512,0.525484979,0.376039416,0.17736508,0.230358392,0.185100183,O=[N+]([O-])c1ccc(O)c2ncccc12,0.318181818
Clc1cc(Cl)c(OCC#CI)cc1Cl,BRD-K13238168-001-03-9,1.060263551,1.020213808,1.04023868,0.4943068,0.306709766,0.602344215,0.287074447,0.603009939,0.505349934,0.581953406,0.349251509,0.737106323,0.528808177,0.441460282,COP(=S)(OC)Oc1cc(Cl)c(Cl)cc1Cl,0.324324324
"C[C@@H](O)[C@H]1[C@H]2[C@@H](C)C(S[C@@H]3CN[C@@H](C3)C(=O)Nc3cccc(c3)C(O)=O)=C(N2C1=O)C(O)=O |a:1,4,5,9,12,&1:3,c:27|",BRD-A40472231-304-01-7,1.074310287,1.025420887,1.049865587,0.732484084,0.950637758,0.722011864,0.624860108,0.746578217,0.701352954,0.658098221,0.604970276,0.80456847,0.718013406,0.793749571,C[C@@H](O)[C@H]1C(=O)N2C(C(=O)O)=C(SC3CN[C@H](C(=O)N(C)C)C3)[C@H](C)[C@H]12,0.647058824
Oc1c(I)cc(I)c(O)c1I,BRD-K48963429-001-02-7,1.034178562,1.070767376,1.052472969,0.471969725,0.171061948,0.608176589,0.257357448,0.800422788,0.483216792,0.552514672,0.39129886,0.275816023,0.685056627,0.494775504,Oc1c(I)cc(Cl)c2cccnc12,0.303030303
NC(=O)[C@H]1CCN(C[C@@H]1N1CCC[C@@H](Nc2cc(Cl)cc(c2)C(F)(F)F)C1=O)c1ncnc(N)c1F,BRD-K00003503-001-01-9,1.090701886,1.014534061,1.052617974,0.372969826,0.357960612,0.443038732,0.127289206,0.530653775,0.176288813,0.410726607,0.445954472,0.179990873,0.621060193,0.436734974,Cl.NC1CCN(c2c(F)cc3c(=O)c(C(=O)O)cn(C4CC4)c3c2Cl)C1,0.198019802
COc1cc2n(cc(C(O)=O)c(=O)c2cc1Cc1cccc(Cl)c1F)[C@H](CO)C(C)C,BRD-K54472332-001-03-4,1.067151516,1.048720698,1.057936107,0.425582452,0.65139848,0.384878546,0.329897672,0.407918841,0.556643665,0.23439838,0.379193276,0.533725679,0.37505874,0.402711242,CCn1cc(C(=O)O)c(=O)c2cc(F)c(N3CCNCC3)cc21,0.292682927
Cc1onc(c1C(=O)N[C@H]1[C@H]2SC(C)(C)[C@@H](N2C1=O)C(O)=O)-c1c(F)cccc1Cl,BRD-K27871792-236-01-0,0.979419195,1.142583321,1.061001258,0.362506592,0.120994478,0.583222985,0.077298261,0.439418733,0.218950197,0.335424751,0.410200715,0.401909798,0.443506658,0.594139338,CC1(C)S[C@@H]2[C@H](NC(=O)Cc3ccccc3)C(=O)N2[C@H]1C(=O)[O-].[K+],0.394736842
NC(=S)N\N=C\c1ncccc1N,BRD-K01669786-001-03-0,1.105130411,1.018508792,1.061819602,0.455198927,0.36578247,0.549009621,0.393561453,0.507272899,0.599121511,0.507026911,0.33307153,0.807355523,0.120531186,0.369256169,NC(=O)N/N=C/c1ccc([N+](=O)[O-])o1,0.245283019
C[C@H](Oc1cc(cnc1N)-c1cnn(c1)C1CCNCC1)c1c(Cl)ccc(F)c1Cl,BRD-K40308497-001-03-9,1.136955422,0.987767992,1.062361707,0.533905047,0.674787104,0.538162112,0.683260798,0.555900693,0.621691227,0.381407171,0.416826785,0.489117622,0.461778849,0.516118109,Cl.NC1CCN(c2c(F)cc3c(=O)c(C(=O)O)cn(C4CC4)c3c2Cl)C1,0.178947368
CN(C)CCn1nnnc1SCC1=C(N2[C@H](SC1)[C@H](NC(=O)Cc1csc(N)n1)C2=O)C(O)=O |t:13|,BRD-K02275692-300-02-6,1.111766759,1.017217048,1.064491904,0.476291062,0.691568434,0.413002342,0.636792541,0.494502634,0.621025085,0.291802138,0.108032212,0.481561512,0.483775884,0.540847838,O=C(Cn1cnnn1)N[C@@H]1C(=O)N2C(C(=O)O)=C(CSc3nncs3)CS[C@H]12,0.488888889
[O-][N+](=O)c1ncc[nH]1,BRD-K26824830-001-03-8,1.127164576,1.005223254,1.066193915,0.328713766,0.053350423,0.288971007,0.031203697,0.342332512,0.633617043,0.533145845,0.193885729,0.690646589,0.275265843,0.244718969,O=[N+]([O-])c1ccc(O)c2ncccc12,0.282051282
OC1C(=O)C(=O)C(O)C(=O)C1=O,BRD-K90177246-001-06-3,0.994581833,1.140869048,1.067725441,0.436276272,0.348196477,0.260211349,0.746718585,0.529035807,0.636433482,0.298173189,0.198303208,0.850050092,0.110101119,0.385539412,O=C1C=C2C(=CCOC2O)O1,0.193548387
[O-][N+](=O)c1cccc2c(Br)[nH]nc12,BRD-K24689407-001-08-9,1.047789768,1.088354427,1.068072097,0.378942773,0.133229598,0.270208329,0.572510421,0.23525922,0.60113585,0.63617003,0.469150126,0.252304316,0.357673556,0.261786282,O=[N+]([O-])c1ccc(O)c2ncccc12,0.363636364
CCC(=O)N(C1CCN(CCc2ccc(cc2)N=C=S)CC1)c1ccccc1,BRD-K17896185-001-02-0,1.03069108,1.107674781,1.06918293,0.400001933,0.745072663,0.323124588,0.246076494,0.556873143,0.114342079,0.47348848,0.375612825,0.452930361,0.373829126,0.338669568,CC(C)(C)c1ccc(C(O)CCCN2CCC(C(O)(c3ccccc3)c3ccccc3)CC2)cc1,0.25
CC(C)(O\N=C(/C(=O)N[C@H]1[C@H]2SCC(C[n+]3ccccc3)=C(N2C1=O)C(O)=O)c1csc(N)n1)C(O)=O |c:21|,BRD-K52117081-345-04-9,0.950133302,1.191120274,1.070626788,0.482088909,0.28023535,0.50842315,0.166680515,0.555795848,0.610955477,0.470699459,0.475799412,0.465566725,0.656927109,0.629806042,CO/N=C(/C(=O)NC1C(=O)N2C(C(=O)O)=C(C[N+]3(C)CCCC3)CSC12)c1csc(N)n1.[Cl-],0.609195402
Oc1cc(cc(c1O)[N+]([O-])=O)[N+]([O-])=O,BRD-K18602506-001-09-9,1.183970525,0.957380639,1.070675582,0.500925678,0.735360384,0.093708977,0.614099622,0.208392248,0.835582316,0.67002517,0.503168941,0.569576263,0.447856963,0.331485897,O=[N+]([O-])c1ccc(O)c([N+](=O)[O-])c1,0.586206897
N[C@H]1[C@@H](CC[C@@H](OC(=O)N2CCC(CC2)n2c3cccnc3[nH]c2=O)c2ncccc12)c1cccc(F)c1F,BRD-K55781385-001-02-9,1.147236497,0.994435303,1.0708359,0.394114119,0.425143987,0.501706541,0.305051237,0.49426952,0.287874639,0.284607857,0.456699789,0.435483545,0.339320868,0.410983205,O=c1[nH]c2ccccc2n1C1CCN(CCCC(c2ccc(F)cc2)c2ccc(F)cc2)CC1,0.260869565
C[C@@H](O)[C@@H]1[C@H]2[C@@H](C)C(S[C@@H]3CN[C@H](CNS(N)(=O)=O)C3)=C(N2C1=O)C(O)=O |c:20|,BRD-K45319714-002-05-0,1.058506389,1.102066215,1.080286302,0.336728482,0.278164327,0.309823066,0.16967009,0.612482429,0.407418966,0.210139304,0.133370072,0.319726199,0.345984519,0.580505848,C[C@@H](O)[C@H]1C(=O)N2C(C(=O)O)=C(SC3CN[C@H](C(=O)N(C)C)C3)[C@H](C)[C@H]12,0.611940299
[H][C@]12SCC(C[N+]3(CCNC(=O)c4ccc(O)c(O)c4Cl)CCCC3)=C(N1C(=O)[C@H]2NC(=O)C(=N/OC(C)(C)C(O)=O)\c1csc(N)n1)C(O)=O |c:26|,BRD-K00003257-001-01-9,1.119822139,1.043228016,1.081525078,0.337408666,0.328957319,0.314118564,0.10123051,0.454492509,0.665897489,0.118989535,0.196851462,0.215755314,0.500919819,0.476874143,CO/N=C(/C(=O)NC1C(=O)N2C(C(=O)O)=C(C[N+]3(C)CCCC3)CSC12)c1csc(N)n1.[Cl-],0.578431373
COc1ccc(cn1)-c1ccc2ncc3n(C)c(=O)n(-c4ccc(N5CCNCC5)c(c4)C(F)(F)F)c3c2c1,BRD-K29415052-050-06-3,1.076299783,1.088198969,1.082249376,0.380564271,0.427412838,0.308583289,0.269516289,0.399969041,0.366117984,0.24877812,0.439944029,0.438344985,0.390773565,0.516202569,Cl.O=C(O)c1cn(-c2ccc(F)cc2)c2cc(N3CCNCC3)c(F)cc2c1=O,0.263736264
S=C(N\N=C1/CCCc2cccnc12)N1CCN(CC1)c1ccccn1,BRD-K00003348-001-01-9,0.986359412,1.182641143,1.084500278,0.52625587,0.499800235,0.539477706,0.508310378,0.522951066,0.493444264,0.66942215,0.557761073,0.485935718,0.479486287,0.505969822,FC(F)(F)c1ccccc1/N=C1\CCCc2ccccc21,0.246153846
CCCCCCCCCCCCCCC[C@@H](O)[C@@H](N)CO,BRD-K93944989-001-10-9,1.123557756,1.048531025,1.086044391,0.366331719,0.259494901,0.225490376,0.482037544,0.421056181,0.326815814,0.407787442,0.220366895,0.616126537,0.258405864,0.445735633,CCCCCCCCCCCCCCCC[N+](C)(C)C.[Br-],0.258064516
CCOc1ccc(NC(=S)N2CCC(CC2)C(O)(c2ccccc2)c2ccccc2)cc1,BRD-K42629487-001-09-9,1.032185799,1.16061495,1.096400374,0.498598963,0.590939045,0.330140442,0.624477088,0.444407523,0.53440845,0.508095264,0.571221471,0.467733055,0.5375458,0.377021492,CC(C)(C)c1ccc(C(O)CCCN2CCC(C(O)(c3ccccc3)c3ccccc3)CC2)cc1,0.363636364
"CN(C)[C@H]1[C@@H]2[C@@H](O)[C@H]3C(=C(O)[C@]2(O)C(O)=C(C(N)=O)C1=O)C(=O)c1c(O)cccc1[C@@]3(C)O |a:3,4,5,7,11,30,&1:8,&2:15,t:8,15|",BRD-K01826559-001-11-9,1.045750922,1.152238657,1.098994789,0.606136924,0.581850946,0.598867118,0.7892313,0.66275841,0.55408138,0.556006372,0.558416247,0.569677114,0.624008894,0.566471457,CN(C)[C@@H]1C(O)=C(C(N)=O)C(=O)[C@@]2(O)C(O)=C3C(=O)c4c(O)cccc4[C@@](C)(O)[C@H]3[C@H](O)[C@@H]12.Cl,0.777777778
C[C@@H](Oc1cc(cnc1N)-c1cnn(c1)C1CCNCC1)c1c(Cl)ccc(F)c1Cl,BRD-K78431006-001-21-9,1.120836258,1.083433774,1.102135016,0.508297086,0.619800508,0.522298992,0.633868873,0.541825235,0.574572027,0.381296009,0.409561127,0.427810013,0.462286174,0.509651899,Cl.NC1CCN(c2c(F)cc3c(=O)c(C(=O)O)cn(C4CC4)c3c2Cl)C1,0.178947368
Clc1cccc(N2CCN(CCCCNC(=O)c3ccc-4c(Cc5ccccc-45)c3)CC2)c1Cl,BRD-K05181084-003-03-7,1.108389714,1.097299835,1.102844774,0.32751265,0.574279547,0.276358992,0.233869269,0.310728371,0.316566586,0.230915636,0.309664905,0.310245156,0.419491321,0.293006718,O=C1CCc2ccc(OCCCCN3CCN(c4cccc(Cl)c4Cl)CC3)cc2N1,0.428571429
CN1CCN(CC1)c1ccc2nc([nH]c2c1)-c1c(N)c2c(F)cccc2[nH]c1=O,BRD-K85402309-001-07-4,1.065868683,1.142723974,1.104296328,0.515528238,0.384860396,0.56857425,0.659911573,0.629012465,0.519479156,0.401224196,0.44857657,0.630873621,0.250822186,0.661947966,CN1CCN(c2cc3c(cc2F)c(=O)c(C(=O)O)cn3-c2ccc(F)cc2)CC1.Cl,0.256097561
CCCCCCCCCCCCCCCCCCCCCCCCCCCCO,BRD-K03083257-001-01-6,1.169768169,1.049305901,1.109537035,0.447777155,0.41084367,0.434947938,0.378679901,0.535314441,0.321276546,0.505208075,0.398134947,0.608706355,0.377391011,0.507268667,CCCCCCCCCCCCCCCC[N+](C)(C)C.[Br-],0.380952381
CC1(C)S[C@@H]2[C@H](N3C(=O)[C@H](NC3(C)C)c3ccccc3)C(=O)N2[C@H]1C(O)=O,BRD-K00005353-001-01-9,1.164672824,1.076667093,1.120669958,0.453631207,0.477822512,0.698920429,0.290967196,0.520349264,0.180944115,0.475323498,0.43299228,0.562419951,0.392121494,0.504451334,CC1(C)S[C@@H]2C(N3C(=O)[C@@H](c4ccccc4)NC3(C)C)C(=O)N2[C@H]1C(=O)[O-].[K+],0.82
Oc1c(I)cc(c2cccnc12)S(O)(=O)=O,BRD-K52284881-001-03-9,1.17694833,1.069273776,1.123111053,0.481568915,0.512053311,0.525607049,0.474646509,0.628921866,0.676818967,0.361172855,0.264964521,0.68110323,0.391242534,0.299158305,O=S(=O)([O-])c1cc(I)c(O)c2ncccc12.[Na+],0.743589744
Cc1ccc(NC(=O)C2(CC2)c2ccc3OC(F)(F)Oc3c2)nc1-c1cccc(c1)C(O)=O,BRD-K69236721-001-03-9,1.168195432,1.081676085,1.124935758,0.456391186,0.674118519,0.499269605,0.262212992,0.450277179,0.270078748,0.247334003,0.552051485,0.697501361,0.354925513,0.556142449,COC(=O)c1ccc2c(c1)NC(=O)CO2,0.192307692
Brc1ccc2C(=O)C(=O)C=Cc2c1 |c:9|,BRD-K34149328-001-02-1,1.168792583,1.100421015,1.134606799,0.327995622,0.325515211,0.547701776,0.189568698,0.446869284,0.387241423,0.315321952,0.303593516,0.320935041,0.218615904,0.224593416,CC1=CC(=O)c2ccccc2C1=O,0.216216216
OC(=O)C1CCN(CC1)c1ncc(cc1Cl)C(=O)Nc1nc(-c2cc(Cl)cs2)c(s1)N1CCN(CC1)C1CCCCC1,BRD-K68544925-001-01-1,1.205682229,1.07251243,1.139097329,0.328098539,0.321864039,0.244567424,0.259905189,0.322786272,0.355641395,0.24337317,0.242528304,0.342351794,0.409948617,0.53801918,Cl.NC1CCN(c2c(F)cc3c(=O)c(C(=O)O)cn(C4CC4)c3c2Cl)C1,0.173076923
Clc1c2C(=O)CC(=O)c2c(Cl)c(Cl)c1Cl,BRD-K27536248-001-03-9,1.073403051,1.209606673,1.141504862,0.3709956,0.044253089,0.43336767,0.206212878,0.658406496,0.509412825,0.485840201,0.275858939,0.135829926,0.553323805,0.407450169,Oc1c(Cl)c(Cl)c(Cl)c(Cl)c1Cl,0.25
[H][C@]1(C)NC(=O)[C@H](C)NC(=O)[C@H](CC(C)C)N(C)C(=O)[C@@H](NC(=O)[C@H](C(C)C)N(CC)C(=O)[C@@H](C)N(C)C(=O)[C@H](CC)NC(=O)[C@]([H])([C@H](O)[C@H](C)C\C=C\C)N(C)C(=O)[C@H](C(C)C)N(C)C(=O)[C@]([H])(CC(C)C)N(C)C(=O)[C@H](CC(C)C)N(C)C1=O)C(C)C,BRD-K00003135-001-01-9,1.077937495,1.208391439,1.143164467,0.360263295,0.074260503,0.376413554,0.471844167,0.428838164,0.390529573,0.412880421,0.339637429,0.395011216,0.234886304,0.478331625,CC=CC[C@H](C)[C@H](O)[C@@H]1C(=O)N[C@H](CC)C(=O)N(C)CC(=O)N(C)[C@H](CC(C)C)C(=O)N[C@@H](C(C)C)C(=O)N(C)[C@H](CC(C)C)C(=O)N[C@H](C)C(=O)N[C@H](C)C(=O)N(C)[C@H](CC(C)C)C(=O)N(C)[C@H](CC(C)C)C(=O)N(C)[C@H](C(C)C)C(=O)N1C,0.78313253
[O-][N+](=O)c1ccc(Cl)c(c1)[N+]([O-])=O,BRD-K97833335-001-08-2,1.133999976,1.228834345,1.18141716,0.563467725,0.616209149,0.112112179,0.569401383,0.327561706,0.823275387,0.83129847,0.59586817,0.732543111,0.57667613,0.449731559,O=[N+]([O-])c1ccc(O)c([N+](=O)[O-])c1,0.586206897
CCCCCCCCCCCCCCCCCCN(CCCCCCCCCCCCCCCCCC)CCCN(CCO)CCO,BRD-K26665484-001-01-8,1.225036595,1.188530067,1.206783331,0.47689361,0.359796554,0.435546488,0.468733907,0.612188816,0.411814272,0.55936569,0.397746831,0.633289158,0.3888506,0.501603782,CCCCCCCCCCCCCCCC[N+](C)(C)C.[Br-],0.285714286
OC(=O)c1cc(F)c2nc(sc2c1)N1[C@H]2CC[C@@H]1C[C@@H](C2)OCc1c(onc1-c1ccccc1OC(F)(F)F)C1CC1 |TLB:9:13:16.15:19.20.18|,BRD-K00003480-001-01-9,1.261764807,1.463190388,1.362477598,0.502301779,0.378875494,0.67574048,0.129241258,0.715284169,0.362848997,0.256095976,0.568775356,0.485541314,0.707261622,0.743353128,O=P(/N=C1/CC(CCCO)=C[C@@H](C2CC2)N1Cc1cccc(OC(F)(F)F)c1)(Oc1ccccc1)Oc1ccccc1,0.189655172
